      1000       4374
           1     -0.05740208413589860     -0.05740208413589860      0.19163139397405499           2           1
           2     -0.04578200992656560     -0.06225660548425470      0.18656050771700700           2           1
           3     -0.06225660659893720     -0.04578201011355480      0.18656050835353299           2           1
           4     -0.05034102129747370     -0.05034102025783180      0.17979723441056500           2           1
           5     -0.06268040271798631     -0.06241400495396130      0.20340025105840101           2           1
           6     -0.05074699877662960     -0.06912487747608601      0.19861133743390399           2           1
           7     -0.06932534024775951     -0.05047271005545170      0.19860522315069001           2           1
           8     -0.05669034982216990     -0.05648374958506830      0.19250000776178000           2           1
           9     -0.06672249351801129     -0.06625208996728230      0.21606597604236299           2           1
          10     -0.05442668777465520     -0.07482983581225811      0.21214249803024501           2           1
          11     -0.07517274278203070     -0.05392495055385870      0.21213509350488999           2           1
          12     -0.06176472287545950     -0.06139744525176540      0.20727140356767201           2           1
          13     -0.06946672076738500     -0.06885780810927720      0.22937626842848000           2           1
          14     -0.05686145103650280     -0.07889737737149741      0.22680801395963299           2           1
          15     -0.07935013052834500     -0.05620230964490030      0.22679930129785300           2           1
          16     -0.06530888034883379     -0.06481706040543650      0.22366691929269700           2           1
          17     -0.07085379334162990     -0.07017487759715810      0.24308123275572599           2           1
          18     -0.05806767012437560     -0.08099143362487900      0.24218939223659899           2           1
          19     -0.08150280859715590     -0.05732723454335750      0.24218557891770301           2           1
          20     -0.06710804999449430     -0.06654882628633770      0.24110569550239200           2           1
          21     -0.07085377963604310     -0.07017486624501770      0.25691901164871900           2           1
          22     -0.05806765912632740     -0.08099141753385430      0.25781088609045599           2           1
          23     -0.08150279153465140     -0.05732722665903110      0.25781470116572802           2           1
          24     -0.06710803622191190     -0.06654881408423460      0.25889461679668202           2           1
          25     -0.06946668248369900     -0.06885778125881439      0.27062395594723199           2           1
          26     -0.05686141558843070     -0.07889732221025210      0.27319223908123202           2           1
          27     -0.07935006672479170     -0.05620228644269690      0.27320095245593301           2           1
          28     -0.06530882424751031     -0.06481701360150301      0.27633336098721001           2           1
          29     -0.06672242877011390     -0.06625203294589740      0.28393424868977302           2           1
          30     -0.05442663113104640     -0.07482975214204760      0.28785774714663898           2           1
          31     -0.07517265346530860     -0.05392490236102410      0.28786515144649599           2           1
          32     -0.06176464542622610     -0.06139737405073280      0.29272885999579301           2           1
          33     -0.06268038051802451     -0.06241398490356670      0.29659980300159500           2           1
          34     -0.05074698312878790     -0.06912485423705669      0.30138872432589198           2           1
          35     -0.06932531588433580     -0.05047269697477380      0.30139483861554800           2           1
          36     -0.05669032984052840     -0.05648373110634360      0.30750005500953198           2           1
          37     -0.05740208413589860     -0.05740208413589860      0.30836860602594501           2           1
          38     -0.04578201448646020     -0.06225661241858710      0.31343949625638501           2           1
          39     -0.06225661498453000     -0.04578201541872070      0.31343949602153898           2           1
          40     -0.05034102900886740     -0.05034102716669550      0.32020276556609101           2           1
          41     -0.06599585991681400     -0.03331688650138020      0.18269384513581999           2           1
          42     -0.05372224758418250     -0.03702555246669740      0.17427894998983900           2           1
          43     -0.07484111399799311     -0.03711096936214300      0.19507783487567501           2           1
          44     -0.06144476703324800     -0.04186738110714230      0.18768750136671800           2           1
          45     -0.08217086646595829     -0.03981352483585020      0.20932778056459100           2           1
          46     -0.06766620679946220     -0.04562429186041140      0.20354657974543100           2           1
          47     -0.08739068174509530     -0.04155366046150360      0.22499846209675001           2           1
          48     -0.07201635554212681     -0.04818646630621330      0.22131526747864300           2           1
          49     -0.09012824814561400     -0.04241125882558050      0.24156330899374101           2           1
          50     -0.07426793089988940     -0.04948042394434890      0.24029975630517000           2           1
          51     -0.09012822730355430     -0.04241125331368200      0.25843698815036897           2           1
          52     -0.07426791416435310     -0.04948041526956060      0.25970058269973301           2           1
          53     -0.08739061171722780     -0.04155364548713750      0.27500180743964397           2           1
          54     -0.07201629528770860     -0.04818643436108730      0.27868503771020398           2           1
          55     -0.08217076781998391     -0.03981349044880560      0.29067247700041798           2           1
          56     -0.06766612393583360     -0.04562424101153460      0.29645370553703598           2           1
          57     -0.07484108002259460     -0.03711095832046440      0.30492222534780100           2           1
          58     -0.06144474076514230     -0.04186736679447930      0.31231256441125299           2           1
          59     -0.06599586648191040     -0.03331689000476460      0.31730615574069099           2           1
          60     -0.05372225523050300     -0.03702555795523260      0.32572104948030500           2           1
          61     -0.06853053999295459     -0.02023708066414560      0.18008712797686000           2           1
          62     -0.05597320626177820     -0.02267116136956110      0.17033999608414199           2           1
          63     -0.07876624986842970     -0.02265202304849210      0.19276359902292101           2           1
          64     -0.06477083593740260     -0.02572889444364760      0.18433662895055400           2           1
          65     -0.08715947677619770     -0.02432608233096470      0.20751918403361699           2           1
          66     -0.07180995007196220     -0.02805071848988220      0.20099653899935699           2           1
          67     -0.09307606292230960     -0.02538080017084090      0.22385271297411499           2           1
          68     -0.07669592532095690     -0.02960692765952360      0.21972397071548300           2           1
          69     -0.09615525132584080     -0.02589354445453900      0.24117174575101899           2           1
          70     -0.07920972867356370     -0.03038528505199340      0.23975953001638700           2           1
          71     -0.09615522927916910     -0.02589354118265810      0.25882857116552099           2           1
          72     -0.07920971116551490     -0.03038527897211610      0.26024083173689100           2           1
          73     -0.09307598770223370     -0.02538079178507130      0.27614757506370602           2           1
          74     -0.07669586064555420     -0.02960690682738190      0.28027635555517699           2           1
          75     -0.08715935778910500     -0.02432605912442960      0.29248108679483398           2           1
          76     -0.07180985001342639     -0.02805068221771180      0.29900376251133098           2           1
          77     -0.07876620579046870     -0.02265201466013530      0.30723646622664003           2           1
          78     -0.06477080080248880     -0.02572887986053600      0.31566344094899501           2           1
          79     -0.06853054968321140     -0.02023708570709880      0.31991287805183799           2           1
          80     -0.05597321567849650     -0.02267116193685690      0.32966000623702801           2           1
          81     -0.06973770125895050     -0.00678768799233958      0.17868753056389100           2           1
          82     -0.05702522681705780     -0.00764826757639856      0.16824810125930001           2           1
          83     -0.08076029277781700     -0.00751694754975331      0.19153811558039999           2           1
          84     -0.06642812982341000     -0.00861541388170915      0.18257147867612700           2           1
          85     -0.08968899242914820     -0.00799158604894396      0.20657927752302199           2           1
          86     -0.07387808535026660     -0.00933010040941519      0.19967074638769300           2           1
          87     -0.09597761591344130     -0.00827751697254521      0.22325972794134999           2           1
          88     -0.07904694539560141     -0.00979644292591406      0.21889862572452901           2           1
          89     -0.09922376316881340     -0.00841168993147762      0.24096998320435301           2           1
          90     -0.08168686039233840     -0.01002515308277650      0.23948014569384499           2           1
          91     -0.09922373260611780     -0.00841168889369857      0.25903030913191999           2           1
          92     -0.08168683711865950     -0.01002515009279310      0.26052020991393599           2           1
          93     -0.09597754788465890     -0.00827751642676115      0.27674053734822901           2           1
          94     -0.07904688839217690     -0.00979643580251024      0.28110169583521000           2           1
          95     -0.08968886868355680     -0.00799157820567600      0.29342096996507600           2           1
          96     -0.07387798424427500     -0.00933008498148377      0.30032954978744503           2           1
          97     -0.08076026157429160     -0.00751694367613084      0.30846192842649600           2           1
          98     -0.06642810811476529     -0.00861540396854553      0.31742858599868901           2           1
          99     -0.06973769875962441     -0.00678768872216355      0.32131244534234998           2           1
         100     -0.05702523041809480     -0.00764826137604428      0.33175188654546900           2           1
         101     -0.06967638173214920      0.00678793495114017      0.17862968776617899           2           1
         102     -0.05697140040735050      0.00762572744988810      0.16820937362978600           2           1
         103     -0.08069168884483870      0.00783031829690449      0.19149061634280301           2           1
         104     -0.06636121727277509      0.00883540797157042      0.18253715166490700           2           1
         105     -0.08961009100874030      0.00858165835931211      0.20654549944018599           2           1
         106     -0.07379498541067660      0.00975471506621095      0.19964527881860900           2           1
         107     -0.09589928614330780      0.00907303644271653      0.22323867568427100           2           1
         108     -0.07895982306348780      0.01038733054319210      0.21888193478764001           2           1
         109     -0.09914504916679780      0.00931610867587170      0.24096287176640099           2           1
         110     -0.08159703836014620      0.01070725587398100      0.23947436270318501           2           1
         111     -0.09914501951486060      0.00931610374630047      0.25903741416115100           2           1
         112     -0.08159701599013661      0.01070725092548830      0.26052599012861000           2           1
         113     -0.09589922120054460      0.00907302222387539      0.27676158349868302           2           1
         114     -0.07895976927216490      0.01038731372802070      0.28111838408233902           2           1
         115     -0.08960997105263420      0.00858163986578148      0.29345474221159301           2           1
         116     -0.07379488802978740      0.00975469306940882      0.30035501474721499           2           1
         117     -0.08069166190042180      0.00783031050392240      0.30850942148363703           2           1
         118     -0.06636119946407749      0.00883539792918283      0.31746291019741901           2           1
         119     -0.06967638432219790      0.00678793438174619      0.32137028188348299           2           1
         120     -0.05697140845578490      0.00762572540671154      0.33179061144461403           2           1
         121     -0.06843368723971360      0.02023820683031880      0.17999010183535599           2           1
         122     -0.05588798043180550      0.02266450635854650      0.17027758039338400           2           1
         123     -0.07862001386401640      0.02294552380936230      0.19268841037227599           2           1
         124     -0.06462631323486470      0.02594460423911340      0.18428419696570800           2           1
         125     -0.08698939099733891      0.02487377665840890      0.20746431664574699           2           1
         126     -0.07162766695527580      0.02844912080949810      0.20095602196475701           2           1
         127     -0.09287711252432670      0.02611276187816900      0.22382139938103601           2           1
         128     -0.07647385691249370      0.03015157749095030      0.21969897662637899           2           1
         129     -0.09593873158790391      0.02672267430608190      0.24116173705392799           2           1
         130     -0.07896414965858810      0.03101005595514310      0.23975115508029199           2           1
         131     -0.09593871203493150      0.02672266750592420      0.25883856405935002           2           1
         132     -0.07896413489065210      0.03101004816418700      0.26024920206518598           2           1
         133     -0.09287704771828501      0.02611274054120680      0.27617887443059702           2           1
         134     -0.07647380321348771      0.03015154732413880      0.28030134593432399           2           1
         135     -0.08698928124355371      0.02487374352137360      0.29253594120820697           2           1
         136     -0.07162757636866780      0.02844907806812020      0.29904427662768301           2           1
         137     -0.07861997938360070      0.02294551185739130      0.30731164231790598           2           1
         138     -0.06462628783145261      0.02594458872584920      0.31571587060923800           2           1
         139     -0.06843370191701180      0.02023820978962970      0.32000989020585402           2           1
         140     -0.05588799521957310      0.02266450846241940      0.32972241878770298           2           1
         141     -0.06591777699787990      0.03331708028183870      0.18261993567889701           2           1
         142     -0.05365437590607690      0.03702387060820790      0.17423033552782699           2           1
         143     -0.07465850078484340      0.03739606316452470      0.19502030264069400           2           1
         144     -0.06126201071234250      0.04208107433764740      0.18764455878832700           2           1
         145     -0.08190154610482740      0.04033328687407240      0.20929190213665000           2           1
         146     -0.06737785355594740      0.04600401155897290      0.20351721447811200           2           1
         147     -0.08705198247352899      0.04224094887880860      0.22498124673561401           2           1
         148     -0.07164448386744010      0.04869792517707410      0.22129829511201701           2           1
         149     -0.08975153044650711      0.04318636431616920      0.24155849374751401           2           1
         150     -0.07384967796543290      0.05006395518626730      0.24029424468455701           2           1
         151     -0.08975151276702691      0.04318635582343590      0.25844179555659902           2           1
         152     -0.07384966432802120      0.05006394461154520      0.25970607806805701           2           1
         153     -0.08705192118805190      0.04224092139301400      0.27501901615617602           2           1
         154     -0.07164443094487841      0.04869788250415950      0.27870199420219699           2           1
         155     -0.08190144787261260      0.04033324177893150      0.29070834802868500           2           1
         156     -0.06737776832654289      0.04600395063643160      0.29648305385528700           2           1
         157     -0.07465847250026210      0.03739604922589590      0.30497975134333599           2           1
         158     -0.06126198568065080      0.04208105534667160      0.31235549121560802           2           1
         159     -0.06591778976272200      0.03331708347954860      0.31738005896574201           2           1
         160     -0.05365438404443620      0.03702387343787230      0.32576964853589202           2           1
         161     -0.06221731533808250      0.04578178827743700      0.18652395593971099           2           1
         162     -0.05030697246150330      0.05033926348306120      0.17977119302425101           2           1
         163     -0.06909827818700860      0.05074848751083910      0.19857868850387200           2           1
         164     -0.05645951014634430      0.05669033587478710      0.19247548826703101           2           1
         165     -0.07481645740101329      0.05442681987791090      0.21211677209165700           2           1
         166     -0.06138355648017190      0.06176331567062370      0.20725149343752200           2           1
         167     -0.07889371737761700      0.05685927956683020      0.22679170005667501           2           1
         168     -0.06481071566022920      0.06530515833777630      0.22365408709671300           2           1
         169     -0.08099339306998650      0.05806416946619180      0.24218378400279700           2           1
         170     -0.06654683914219300      0.06710299027081310      0.24110124651085699           2           1
         171     -0.08099337767040020      0.05806415866003090      0.25781649217805902           2           1
         172     -0.06654682754954711      0.06710297672604820      0.25889906457590800           2           1
         173     -0.07889366293705100      0.05685924431510180      0.27320855085155499           2           1
         174     -0.06481066943246649      0.06530510259013700      0.27634619198594701           2           1
         175     -0.07481637452156240      0.05442676327780550      0.28788347087186100           2           1
         176     -0.06138348580538400      0.06176323853987480      0.29274876886649698           2           1
         177     -0.06909825668542140      0.05074847194118020      0.30142137109941203           2           1
         178     -0.05645949284941590      0.05669031633419200      0.30752457335722400           2           1
         179     -0.06221732455079180      0.04578179277984070      0.31347604587715500           2           1
         180     -0.05030698088977590      0.05033927157631920      0.32022880584429098           2           1
         181     -0.05740208413589860      0.05740208413589860      0.19163139397405499           2           1
         182     -0.04578201011355480      0.06225660659893720      0.18656050835353299           2           1
         183     -0.06241400495396130      0.06268040271798631      0.20340025105840101           2           1
         184     -0.05047271005545170      0.06932534024775951      0.19860522315069001           2           1
         185     -0.06625208996728230      0.06672249351801129      0.21606597604236299           2           1
         186     -0.05392495055385870      0.07517274278203070      0.21213509350488999           2           1
         187     -0.06885780810927720      0.06946672076738500      0.22937626842848000           2           1
         188     -0.05620230964490030      0.07935013052834500      0.22679930129785300           2           1
         189     -0.07017487759715810      0.07085379334162990      0.24308123275572599           2           1
         190     -0.05732723454335750      0.08150280859715590      0.24218557891770301           2           1
         191     -0.07017486624501770      0.07085377963604310      0.25691901164871900           2           1
         192     -0.05732722665903110      0.08150279153465140      0.25781470116572802           2           1
         193     -0.06885778125881439      0.06946668248369900      0.27062395594723199           2           1
         194     -0.05620228644269690      0.07935006672479170      0.27320095245593301           2           1
         195     -0.06625203294589740      0.06672242877011390      0.28393424868977302           2           1
         196     -0.05392490236102410      0.07517265346530860      0.28786515144649599           2           1
         197     -0.06241398490356670      0.06268038051802451      0.29659980300159500           2           1
         198     -0.05047269697477380      0.06932531588433580      0.30139483861554800           2           1
         199     -0.05740208413589860      0.05740208413589860      0.30836860602594501           2           1
         200     -0.04578201541872070      0.06225661498453000      0.31343949602153898           2           1
         201     -0.03331688673111880     -0.06599585928306199      0.18269384359993701           2           1
         202     -0.03702555429148960     -0.05372224709431570      0.17427894854925299           2           1
         203     -0.03739354724366350     -0.07470966933974230      0.19508533943938100           2           1
         204     -0.04208042845060380     -0.06130893812394950      0.18768993967094699           2           1
         205     -0.04033191276611310     -0.08192637076925149      0.20934304473163901           2           1
         206     -0.04600451953809950     -0.06740430278591600      0.20355433531243000           2           1
         207     -0.04224254034553630     -0.08706050719833720      0.22501338884621699           2           1
         208     -0.04870141520586110     -0.07165827505848819      0.22132203269295500           2           1
         209     -0.04318972029116970     -0.08975072329937120      0.24156948667520400           2           1
         210     -0.05006922187882220     -0.07385622687535730      0.24030243734484799           2           1
         211     -0.04318971192665270     -0.08975070600817010      0.25843080714796302           2           1
         212     -0.05006921136609230     -0.07385621364163550      0.25969788821350298           2           1
         213     -0.04224251286152740     -0.08706044526125541      0.27498687858175003           2           1
         214     -0.04870137234655940     -0.07165822193207520      0.27867825941271501           2           1
         215     -0.04033186744232930     -0.08192626996581730      0.29065720972238701           2           1
         216     -0.04600445815478150     -0.06740421581011451      0.29644593558575699           2           1
         217     -0.03739353316779140     -0.07470963746637790      0.30491471891020400           2           1
         218     -0.04208040897797120     -0.06130891088995900      0.31231011281379401           2           1
         219     -0.03331688991035040     -0.06599586746870439      0.31730615532604201           2           1
         220     -0.03702555667519550     -0.05372225253247060      0.32572103778763101           2           1
         221     -0.03972169783664150     -0.03972169641737460      0.16730524361774299           2           1
         222     -0.04574638276865330     -0.04560594872686830      0.18174544159191899           2           1
         223     -0.05048392774289950     -0.05021277394670120      0.19902095200230299           2           1
         224     -0.05375101996333440     -0.05337641938862510      0.21848524889971899           2           1
         225     -0.05543908144479690     -0.05500625387691680      0.23933479389329201           2           1
         226     -0.05543906877802120     -0.05500624517363180      0.26066557711001298           2           1
         227     -0.05375097527855400     -0.05337638379858710      0.28151508648244500           2           1
         228     -0.05048386558477380     -0.05021271209114340      0.30097935924590702           2           1
         229     -0.04574636108110140     -0.04560593058002850      0.31825462834919699           2           1
         230     -0.03972170273317910     -0.03972170433240040      0.33269475522007902           2           1
         231     -0.04147018622406860     -0.02440614143877830      0.16237755070709001           2           1
         232     -0.04825458634901280     -0.02810408829219750      0.17762562140678900           2           1
         233     -0.05356567716310870     -0.03094457902959230      0.19592024577103700           2           1
         234     -0.05720829402826190     -0.03286903981715180      0.21656317791566301           2           1
         235     -0.05907952180848410     -0.03385269898314360      0.23868422781412299           2           1
         236     -0.05907950853335240     -0.03385269280270310      0.26131615999046698           2           1
         237     -0.05720824516935710     -0.03286901508561240      0.28343717239051902           2           1
         238     -0.05356560037976320     -0.03094453199273130      0.30408007618974497           2           1
         239     -0.04825455595467350     -0.02810406781868470      0.32237444406882099           2           1
         240     -0.04147019001644770     -0.02440613901059640      0.33762244125910001           2           1
         241     -0.04227852615438190     -0.00826112612158730      0.15979100867387899           2           1
         242     -0.04948654368726670     -0.00946632751660249      0.17547505630862500           2           1
         243     -0.05508551774234150     -0.01036730704447150      0.19431832011291900           2           1
         244     -0.05892251020802110     -0.01096814991249890      0.21557163133980600           2           1
         245     -0.06087933503980500     -0.01127125720620240      0.23834934057764601           2           1
         246     -0.06087931815401270     -0.01127125458537320      0.26165105241103997           2           1
         247     -0.05892246799485280     -0.01096814010221630      0.28442872533521102           2           1
         248     -0.05508544140847320     -0.01036728338302960      0.30568200784369798           2           1
         249     -0.04948652390264530     -0.00946631302200167      0.32452501366561198           2           1
         250     -0.04227852603763310     -0.00826111587805156      0.34020897820394602           2           1
         251     -0.04223690536271490      0.00821540840799311      0.15976666211453200           2           1
         252     -0.04942599054432650      0.00958947268058486      0.17545074362403701           2           1
         253     -0.05500456272278740      0.01065515849408150      0.19429848105825201           2           1
         254     -0.05883358374837720      0.01138759376541550      0.21555799926943001           2           1
         255     -0.06078572692277700      0.01176434090972120      0.23834451831861300           2           1
         256     -0.06078571060261110      0.01176433418914410      0.26165586944577701           2           1
         257     -0.05883354416001050      0.01138757566579200      0.28444235214759001           2           1
         258     -0.05500448915805200      0.01065513750325710      0.30570184185174198           2           1
         259     -0.04942597278371230      0.00958945905175649      0.32454932103877598           2           1
         260     -0.04223690696457890      0.00821540223626687      0.34023331960823200           2           1
         261     -0.04140405325531150      0.02439408313193120      0.16234313255606700           2           1
         262     -0.04811910991302790      0.02824130314597570      0.17759237652276000           2           1
         263     -0.05338355629726350      0.03122515148585660      0.19589025196941601           2           1
         264     -0.05697740255751880      0.03326233289136440      0.21654312957118399           2           1
         265     -0.05882017934271870      0.03430917448418580      0.23867723182891701           2           1
         266     -0.05882016839219990      0.03430916425413760      0.26132315573762699           2           1
         267     -0.05697736409005740      0.03326229961922370      0.28345722100533299           2           1
         268     -0.05338348820442630      0.03122510619315720      0.30411007155441799           2           1
         269     -0.04811908715043700      0.02824128101216220      0.32240769070209602           2           1
         270     -0.04140405952085620      0.02439407958788630      0.33765686071203099           2           1
         271     -0.03966910287629710      0.03972158635534310      0.16728015273682600           2           1
         272     -0.04556832883544070      0.04574860791522110      0.18171833779438201           2           1
         273     -0.05018976640968340      0.05048498457988430      0.19899686799591401           2           1
         274     -0.05336242787585200      0.05374907551451750      0.21846932483648601           2           1
         275     -0.05499741495616760      0.05543534687539450      0.23932920439592700           2           1
         276     -0.05499740575928300      0.05543533415528460      0.26067116520665001           2           1
         277     -0.05336239181841730      0.05374903103170600      0.28153100919018398           2           1
         278     -0.05018970510321690      0.05048492282686740      0.30100344210298402           2           1
         279     -0.04556831098292560      0.04574858665065310      0.31828173123715398           2           1
         280     -0.03966911094203930      0.03972159160706730      0.33271984552072498           2           1
         281     -0.03699883443881970      0.05372114342364600      0.17426517065913599           2           1
         282     -0.04184758882461290      0.06144544013170460      0.18767247366882900           2           1
         283     -0.04561197993452270      0.06766544938171890      0.20353345847111501           2           1
         284     -0.04817952391965000      0.07201327136399960      0.22130650073486899           2           1
         285     -0.04947657723742480      0.07426350011457940      0.24029666099559899           2           1
         286     -0.04947656902473380      0.07426348357096541      0.25970367730387300           2           1
         287     -0.04817949221005390      0.07201321140515581      0.27869380376555603           2           1
         288     -0.04561192902048960      0.06766536675243670      0.29646682607895097           2           1
         289     -0.04184757468045420      0.06144541416470170      0.31232759154969603           2           1
         290     -0.03699884009939190      0.05372115124471940      0.32573482833119799           2           1
         291     -0.03331688650138020      0.06599585991681400      0.18269384513581999           2           1
         292     -0.03711096936214300      0.07484111399799311      0.19507783487567501           2           1
         293     -0.03981352483585020      0.08217086646595829      0.20932778056459100           2           1
         294     -0.04155366046150360      0.08739068174509530      0.22499846209675001           2           1
         295     -0.04241125882558050      0.09012824814561400      0.24156330899374101           2           1
         296     -0.04241125331368200      0.09012822730355430      0.25843698815036897           2           1
         297     -0.04155364548713750      0.08739061171722780      0.27500180743964397           2           1
         298     -0.03981349044880560      0.08217076781998391      0.29067247700041798           2           1
         299     -0.03711095832046440      0.07484108002259460      0.30492222534780100           2           1
         300     -0.03331689000476460      0.06599586648191040      0.31730615574069099           2           1
         301     -0.02023708104344450     -0.06853053642429360      0.18008712275587899           2           1
         302     -0.02267116291376460     -0.05597320184169340      0.17033999394635699           2           1
         303     -0.02293673925482350     -0.07868409522255360      0.19277314028900100           2           1
         304     -0.02594360501539700     -0.06468605033288080      0.18434201376295700           2           1
         305     -0.02485944643713090     -0.08702606894668220      0.20753000243068301           2           1
         306     -0.02844259486343410     -0.07166609737499090      0.20100248725827899           2           1
         307     -0.02609468803170310     -0.09289303109073560      0.22386310599667500           2           1
         308     -0.03014132824213260     -0.07649615058029030      0.21972915228709999           2           1
         309     -0.02670287965028940     -0.09594487596589960      0.24117598471751400           2           1
         310     -0.03099809740172590     -0.07897884698962210      0.23976155840354099           2           1
         311     -0.02670287321500070     -0.09594485581647839      0.25882432162278102           2           1
         312     -0.03099808972814040     -0.07897883187866490      0.26023880093043900           2           1
         313     -0.02609466779834720     -0.09289296541485280      0.27613717322193898           2           1
         314     -0.03014129846862290     -0.07649609645921600      0.28027117258303103           2           1
         315     -0.02485941459695130     -0.08702595622174990      0.29247026080343402           2           1
         316     -0.02844255227790920     -0.07166600505212770      0.29899781349175603           2           1
         317     -0.02293672830262070     -0.07868405620804660      0.30722691799429303           2           1
         318     -0.02594358903985940     -0.06468602212555420      0.31565805594174401           2           1
         319     -0.02023708425287770     -0.06853054601483630      0.31991287514650502           2           1
         320     -0.02267116357591790     -0.05597321362489310      0.32966000740945200           2           1
         321     -0.02440614315210940     -0.04147018172218420      0.16237754825538001           2           1
         322     -0.02824571054205620     -0.04816703783369420      0.17762842109878599           2           1
         323     -0.03122405315060210     -0.05341627445809720      0.19592116906731000           2           1
         324     -0.03325753393281310     -0.05699860678764420      0.21656397796813701           2           1
         325     -0.03430267886122650     -0.05883596524608070      0.23868452590883499           2           1
         326     -0.03430266859582220     -0.05883595433741130      0.26131586241503302           2           1
         327     -0.03325750062789440     -0.05699856874020440      0.28343637342927702           2           1
         328     -0.03122400734658640     -0.05341620652109210      0.30407915499936400           2           1
         329     -0.02824568714743510     -0.04816701491744820      0.32237164641927002           2           1
         330     -0.02440613732758470     -0.04147018824831330      0.33762244513433698           2           1
         331     -0.02552373429745150     -0.02552372947437960      0.15675889618131000           2           1
         332     -0.02980831542016910     -0.02972005378049650      0.17297119029376601           2           1
         333     -0.03311558593665410     -0.03296119078311840      0.19243660235924301           2           1
         334     -0.03536463437678590     -0.03514661070366690      0.21441159442502900           2           1
         335     -0.03651415578087330     -0.03626030746987840      0.23795719529097800           2           1
         336     -0.03651414549971370     -0.03626029957317760      0.26204322855067802           2           1
         337     -0.03536459813644930     -0.03514658479731550      0.28558879043650198           2           1
         338     -0.03311552936945970     -0.03296114186657980      0.30756375108518202           2           1
         339     -0.02980828592898440     -0.02972003101143050      0.32702888943887998           2           1
         340     -0.02552372799297130     -0.02552372563637470      0.34324110633215099           2           1
         341     -0.02603680667140570     -0.00865656481093521      0.15384088092104201           2           1
         342     -0.03056403815891320     -0.01004596816144450      0.17056205258047899           2           1
         343     -0.03403574005583950     -0.01110470259398300      0.19065056491091201           2           1
         344     -0.03639099701457100     -0.01180824457578910      0.21330943495276200           2           1
         345     -0.03758587102750160     -0.01216357307338930      0.23758541820867399           2           1
         346     -0.03758585919845500     -0.01216356909233050      0.26241503318536702           2           1
         347     -0.03639096582387990     -0.01180823431566000      0.28669097839600099           2           1
         348     -0.03403568412454770     -0.01110468016945130      0.30934981640668702           2           1
         349     -0.03056401526713270     -0.01004595248619120      0.32943805261976900           2           1
         350     -0.02603679717774520     -0.00865655143701789      0.34615913749516902           2           1
         351     -0.02601010712143310      0.00859263069448402      0.15382927666162100           2           1
         352     -0.03051324370234010      0.01009694865392870      0.17054640831550799           2           1
         353     -0.03395983207536860      0.01124806893528710      0.19063681254054399           2           1
         354     -0.03630350828263010      0.01203663405697220      0.21329951180277401           2           1
         355     -0.03749198788970620      0.01243929092478610      0.23758185559671899           2           1
         356     -0.03749197645650370      0.01243928484376730      0.26241859528900002           2           1
         357     -0.03630347934071130      0.01203661462913580      0.28670090084190603           2           1
         358     -0.03395977794869680      0.01124804173747020      0.30936356795241898           2           1
         359     -0.03051322158748630      0.01009693221196400      0.32945369595985002           2           1
         360     -0.02601009777454990      0.00859262527145410      0.34617074121445301           2           1
         361     -0.02548177220978800      0.02550821825841780      0.15674413556379099           2           1
         362     -0.02968901349791780      0.02980044651025600      0.17295042901234001           2           1
         363     -0.03293926347573680      0.03311319938859610      0.19241659843399600           2           1
         364     -0.03513157461526560      0.03536592375643730      0.21439729210379099           2           1
         365     -0.03624851172956320      0.03651712774844240      0.23795208308835000           2           1
         366     -0.03624850336250480      0.03651711759352670      0.26204834050811998           2           1
         367     -0.03513154731587270      0.03536588778944680      0.28560309250420302           2           1
         368     -0.03293921229306770      0.03311314369066600      0.30758375516266701           2           1
         369     -0.02968898792676780      0.02980041864553280      0.32704965132001801           2           1
         370     -0.02548176445329160      0.02550821451663390      0.34325586792924301           2           1
         371     -0.02437285928973660      0.04147262897577090      0.16236907312454901           2           1
         372     -0.02807980981996130      0.04825937002531150      0.17761142102283300           2           1
         373     -0.03092904719886860      0.05356927527980000      0.19590536015432400           2           1
         374     -0.03285888206679930      0.05720886924953230      0.21655276409245400           2           1
         375     -0.03384560415586720      0.05907829177205450      0.23868047334638801           2           1
         376     -0.03384559733849910      0.05907827841469430      0.26131991333042698           2           1
         377     -0.03285885603636380      0.05720882049552680      0.28344758516037599           2           1
         378     -0.03092899924669850      0.05356919865810220      0.30409496094003702           2           1
         379     -0.02807978735889290      0.04825933973240270      0.32238864396199401           2           1
         380     -0.02437285398206040      0.04147263269458930      0.33763091879499102           2           1
         381     -0.02265415760998290      0.05597390749192160      0.17033537018288300           2           1
         382     -0.02571593390647020      0.06477334717258269      0.18432867527492200           2           1
         383     -0.02804236807900740      0.07181099287732720      0.20098847967415601           2           1
         384     -0.02960177236555740      0.07669462886004280      0.21971823336373400           2           1
         385     -0.03038196355186950      0.07920707632550150      0.23975744317119599           2           1
         386     -0.03038195778096090      0.07920705898219260      0.26024291878800798           2           1
         387     -0.02960175141099330      0.07669456444824339      0.28028209313101399           2           1
         388     -0.02804233112142610      0.07181089301255320      0.29901182203542098           2           1
         389     -0.02571591843818570      0.06477331225981101      0.31567139504810698           2           1
         390     -0.02265415695002420      0.05597391695469240      0.32966463267901502           2           1
         391     -0.02023708066414560      0.06853053999295459      0.18008712797686000           2           1
         392     -0.02265202304849210      0.07876624986842970      0.19276359902292101           2           1
         393     -0.02432608233096470      0.08715947677619770      0.20751918403361699           2           1
         394     -0.02538080017084090      0.09307606292230960      0.22385271297411499           2           1
         395     -0.02589354445453900      0.09615525132584080      0.24117174575101899           2           1
         396     -0.02589354118265810      0.09615522927916910      0.25882857116552099           2           1
         397     -0.02538079178507130      0.09307598770223370      0.27614757506370602           2           1
         398     -0.02432605912442960      0.08715935778910500      0.29248108679483398           2           1
         399     -0.02265201466013530      0.07876620579046870      0.30723646622664003           2           1
         400     -0.02023708570709880      0.06853054968321140      0.31991287805183799           2           1
         401     -0.00678768828486368     -0.06973769439031570      0.17868752320116099           2           1
         402     -0.00764826909254679     -0.05702521913560780      0.16824809633376700           2           1
         403     -0.00780427202140000     -0.08073095229627381      0.19154283174826400           2           1
         404     -0.00883215310591291     -0.06639791190983160      0.18257446813345901           2           1
         405     -0.00853027028614668     -0.08963569243983910      0.20658596012594599           2           1
         406     -0.00972611462642248     -0.07382130339028110      0.19967512188834599           2           1
         407     -0.00900197360898335     -0.09591409625409780      0.22326442115408299           2           1
         408     -0.01033906359046790     -0.07897784451177410      0.21890130853153100           2           1
         409     -0.00923449394950490     -0.09915531923938790      0.24097165831256701           2           1
         410     -0.01064844106823900     -0.08161158085313730      0.23948102540403299           2           1
         411     -0.00923449017461401     -0.09915528844570420      0.25902861891919099           2           1
         412     -0.01064843678110830     -0.08161155759094300      0.26051931969265102           2           1
         413     -0.00900196266383167     -0.09591403437204440      0.27673582984514500           2           1
         414     -0.01033904854708010     -0.07897779421936850      0.28109900303441399           2           1
         415     -0.00853025602024862     -0.08963557596281840      0.29341427381449697           2           1
         416     -0.00972609442980082     -0.07382121042332861      0.30032516476638199           2           1
         417     -0.00780426736824028     -0.08073092968866180      0.30845719912563102           2           1
         418     -0.00883214294310074     -0.06639789994949651      0.31742558736922699           2           1
         419     -0.00678768778960645     -0.06973770304685510      0.32131244048429097           2           1
         420     -0.00764826314525860     -0.05702523539731310      0.33175188305228298           2           1
         421     -0.00826112770466622     -0.04227851872438120      0.15979100182213701           2           1
         422     -0.00960939866724699     -0.04945540510143120      0.17547684002429201           2           1
         423     -0.01064973660428110     -0.05502688609704450      0.19432033452558900           2           1
         424     -0.01136251531192880     -0.05885010549866090      0.21557257844354899           2           1
         425     -0.01172871944997330     -0.06079983090152540      0.23834958348058399           2           1
         426     -0.01172871294257630     -0.06079981402860400      0.26165079927800799           2           1
         427     -0.01136249761752640     -0.05885007011701120      0.28442776831896199           2           1
         428     -0.01064971521184980     -0.05502681833041530      0.30567998404251900           2           1
         429     -0.00960938197378081     -0.04945539532979270      0.32452322065434003           2           1
         430     -0.00826111405691104     -0.04227853149508760      0.34020897627537600           2           1
         431     -0.00865656948183424     -0.02603679829421930      0.15384087890863701           2           1
         432     -0.01013509912356740     -0.03053266115658960      0.17056256425924199           2           1
         433     -0.01126087104877230     -0.03397544369435430      0.19065159005866500           2           1
         434     -0.01202979111298660     -0.03631581306677910      0.21330984413869600           2           1
         435     -0.01242191095359730     -0.03750293601397420      0.23758550503976900           2           1
         436     -0.01242190476327200     -0.03750292433356430      0.26241494130281900           2           1
         437     -0.01202977110089220     -0.03631578893774900      0.28669056423477701           2           1
         438     -0.01126084187605760     -0.03397539658057830      0.30934878639511199           2           1
         439     -0.01013507755262540     -0.03053264893417340      0.32943753614561699           2           1
         440     -0.00865655414210958     -0.02603680276682850      0.34615913514514501           2           1
         441     -0.00883667234527979     -0.00883666390235597      0.15080316208451000           2           1
         442     -0.01037683174013380     -0.01034516488367520      0.16806032069799101           2           1
         443     -0.01154470717978400     -0.01148381967446920      0.18879904275532100           2           1
         444     -0.01233219916192900     -0.01225584092162750      0.21216777041892301           2           1
         445     -0.01272975588956430     -0.01264532438522990      0.23720040933524000           2           1
         446     -0.01272974948011780     -0.01264531810007770      0.26280002290133198           2           1
         447     -0.01233218055967890     -0.01225582928919680      0.28783262475282601           2           1
         448     -0.01154467557903970     -0.01148379676069150      0.31120131990433803           2           1
         449     -0.01037680804743590     -0.01034515182324940      0.33193976316334700           2           1
         450     -0.00883664843193860     -0.00883665409488782      0.34919682574230099           2           1
         451     -0.00882741344313294      0.00876343564774968      0.15079667488166501           2           1
         452     -0.01033826298791890      0.01032937567478650      0.16804817647494699           2           1
         453     -0.01147743822579910      0.01152259749544190      0.18878710611898900           2           1
         454     -0.01225027146975770      0.01232972151041510      0.21215914351598400           2           1
         455     -0.01264005043421080      0.01273780839829750      0.23719732786498199           2           1
         456     -0.01264004404105180      0.01273780226378430      0.26280310661488299           2           1
         457     -0.01225025426927260      0.01232970401145930      0.28784125370455599           2           1
         458     -0.01147740683601470      0.01152256865879420      0.31121325843942699           2           1
         459     -0.01033823778393860      0.01032935807770150      0.33195190928358498           2           1
         460     -0.00882738671853605      0.00876342268027179      0.34920331509729602           2           1
         461     -0.00864198881251657      0.02601972912843100      0.15383550334178700           2           1
         462     -0.01003502551717160      0.03055459871516860      0.17054858493510899           2           1
         463     -0.01109677611152190      0.03403175639501190      0.19063576686814901           2           1
         464     -0.01180258656196020      0.03639066265523750      0.21329825377727499           2           1
         465     -0.01215897739424780      0.03758720411003670      0.23758134530930300           2           1
         466     -0.01215897247919640      0.03758719242689850      0.26241910355414400           2           1
         467     -0.01180257383039420      0.03639063176497720      0.28670215708514701           2           1
         468     -0.01109674913493780      0.03403170133509930      0.30936461249846903           2           1
         469     -0.01003500383821780      0.03055457731737380      0.32945151892995800           2           1
         470     -0.00864196754607170      0.02601972183900730      0.34616451431719703           2           1
         471     -0.00824948540928388      0.04228245640733960      0.15979171540235201           2           1
         472     -0.00945772046260267      0.04949281503495710      0.17546798114883300           2           1
         473     -0.01036158091026190      0.05509058254277480      0.19430850546335601           2           1
         474     -0.01096415589589060      0.05892452829417330      0.21556425110686700           2           1
         475     -0.01126823642437140      0.06087953155098690      0.23834659525677199           2           1
         476     -0.01126823300153560      0.06087951456707070      0.26165379587367799           2           1
         477     -0.01096414388996230      0.05892448612805570      0.28443610381163498           2           1
         478     -0.01036155476036530      0.05509050619242850      0.30569182090578001           2           1
         479     -0.00945770154631617      0.04949279512172850      0.32453208772812697           2           1
         480     -0.00824946906029171      0.04228245590567930      0.34020827092978101           2           1
         481     -0.00764227830309950      0.05702697001682190      0.16824883130620599           2           1
         482     -0.00861058526345941      0.06643171476577030      0.18256764530078901           2           1
         483     -0.00932701165151913      0.07388016303382930      0.19966563904641599           2           1
         484     -0.00979437482508686      0.07904667075856750      0.21889465155122101           2           1
         485     -0.01002365685447930      0.08168522028677799      0.23947864484999801           2           1
         486     -0.01002365398708300      0.08168519713564810      0.26052171069772800           2           1
         487     -0.00979436712155084      0.07904661394180340      0.28110566996680902           2           1
         488     -0.00932699475166035      0.07388006200605450      0.30033465708127999           2           1
         489     -0.00861057317867717      0.06643169309537331      0.31743241959190599           2           1
         490     -0.00764226917692451      0.05702697340023170      0.33175115686753598           2           1
         491     -0.00678768799233958      0.06973770125895050      0.17868753056389100           2           1
         492     -0.00751694754975331      0.08076029277781700      0.19153811558039999           2           1
         493     -0.00799158604894396      0.08968899242914820      0.20657927752302199           2           1
         494     -0.00827751697254521      0.09597761591344130      0.22325972794134999           2           1
         495     -0.00841168993147762      0.09922376316881340      0.24096998320435301           2           1
         496     -0.00841168889369857      0.09922373260611780      0.25903030913191999           2           1
         497     -0.00827751642676115      0.09597754788465890      0.27674053734822901           2           1
         498     -0.00799157820567600      0.08968886868355680      0.29342096996507600           2           1
         499     -0.00751694367613084      0.08076026157429160      0.30846192842649600           2           1
         500     -0.00678768872216355      0.06973769875962441      0.32131244534234998           2           1
         501      0.00678793464505822     -0.06967637100743609      0.17862967853492401           2           1
         502      0.00762572614638309     -0.05697138926793490      0.16820936577308701           2           1
         503      0.00754289276944370     -0.08072123910987319      0.19148618564221101           2           1
         504      0.00861859024152421     -0.06639164397926151      0.18253438435878599           2           1
         505      0.00804283343806129     -0.08966584453320101      0.20653879693426799           2           1
         506      0.00935859139127047     -0.07385422021770950      0.19964088793618201           2           1
         507      0.00834830601752524     -0.09596612944484770      0.22323397552014099           2           1
         508      0.00984449676479389     -0.07903224718471751      0.21887924664928801           2           1
         509      0.00849296128489373     -0.09921728626101339      0.24096118465178701           2           1
         510      0.01008370052353430     -0.08167611091060610      0.23947347368079400           2           1
         511      0.00849295956037020     -0.09921725691542470      0.25903908026793199           2           1
         512      0.01008369710596750     -0.08167608880814510      0.26052686156625599           2           1
         513      0.00834830379996684     -0.09596606875902269      0.27676626252584502           2           1
         514      0.00984448872502484     -0.07903219769706731      0.28112105465144899           2           1
         515      0.00804282335476875     -0.08966573324430190      0.29346142358406402           2           1
         516      0.00935857505821717     -0.07385413165193620      0.30035938816740898           2           1
         517      0.00754288729366045     -0.08072122663667750      0.30851383200795601           2           1
         518      0.00861858073354120     -0.06639164091512270      0.31746566076000499           2           1
         519      0.00678793535585151     -0.06967639491069580      0.32137027270916402           2           1
         520      0.00762572272145621     -0.05697141895786270      0.33179060389106901           2           1
         521      0.00821540715761959     -0.04223689318023820      0.15976665933910800           2           1
         522      0.00944634555547423     -0.04945733731307340      0.17544911814823000           2           1
         523      0.01037265077118000     -0.05506564678705860      0.19429645529507900           2           1
         524      0.01099307608343590     -0.05890931146890680      0.21555704803434200           2           1
         525      0.01130668755274790     -0.06086902402769140      0.23834426846447301           2           1
         526      0.01130668480553440     -0.06086900812037000      0.26165610887894197           2           1
         527      0.01099306623837800     -0.05890927650375580      0.28444329302469001           2           1
         528      0.01037262774973020     -0.05506558234263510      0.30570385714748599           2           1
         529      0.00944633376759404     -0.04945733505911420      0.32455093671637403           2           1
         530      0.00821540286222954     -0.04223691751694520      0.34023331356064301           2           1
         531      0.00859262627492349     -0.02601009522308210      0.15382927281809600           2           1
         532      0.01000778413297330     -0.03054482836232220      0.17054599162922701           2           1
         533      0.01109185358261780     -0.03402258051347770      0.19063578072379800           2           1
         534      0.01181499612435380     -0.03638201507031560      0.21329910038536501           2           1
         535      0.01218083832489570     -0.03757871585210940      0.23758176494538399           2           1
         536      0.01218083447934690     -0.03757870482477950      0.26241867940454799           2           1
         537      0.01181498659312820     -0.03638199090785860      0.28670130587571402           2           1
         538      0.01109183314664480     -0.03402253590082700      0.30936459352283602           2           1
         539      0.01000777319082840     -0.03054482199931240      0.32945410678864201           2           1
         540      0.00859262166810444     -0.02601010869138030      0.34617073966181799           2           1
         541      0.00876342737014631     -0.00882740137058681      0.15079667105327199           2           1
         542      0.01029769770539670     -0.01037013730987920      0.16804820654570801           2           1
         543      0.01146169442259500     -0.01154077766379330      0.18878710258617301           2           1
         544      0.01225333286190310     -0.01232995246491140      0.21215914173134201           2           1
         545      0.01265333870277500     -0.01272827485138440      0.23719732582348299           2           1
         546      0.01265333269300160     -0.01272826892522480      0.26280310353234998           2           1
         547      0.01225332235611510     -0.01232994024608330      0.28784125044128200           2           1
         548      0.01146167423602350     -0.01154075610250100      0.31121325700724201           2           1
         549      0.01029769055060700     -0.01037012815232090      0.33195187440024199           2           1
         550      0.00876342805074666     -0.00882739765261395      0.34920331441120700           2           1
         551      0.00875436360905641      0.00875437585603977      0.15078994887691799           2           1
         552      0.01032288026402800      0.01029099483513990      0.16803587946297399           2           1
         553      0.01151886705121530      0.01145551204883770      0.18877503520451300           2           1
         554      0.01232767392263330      0.01224796251916920      0.21215043619668100           2           1
         555      0.01273652647950100      0.01264826386805840      0.23719421783514399           2           1
         556      0.01273652081815580      0.01264825773747400      0.26280621284138500           2           1
         557      0.01232766277673700      0.01224794640690830      0.28784995710207700           2           1
         558      0.01151884820342060      0.01145548332223100      0.31122532536504499           2           1
         559      0.01032287713125050      0.01029097544715690      0.33196420245688102           2           1
         560      0.00875437074588489      0.00875435950426124      0.34921003781618998           2           1
         561      0.00857839327750856      0.02599304518306800      0.15382392924554200           2           1
         562      0.01008636154690410      0.03050380627259790      0.17053295985234601           2           1
         563      0.01124056250795980      0.03395582076673080      0.19062202437105899           2           1
         564      0.01203148192297510      0.03630311745171590      0.21328833414820400           2           1
         565      0.01243525447197140      0.03749324834919840      0.23757778276920899           2           1
         566      0.01243524978519260      0.03749323707427510      0.26242266323183400           2           1
         567      0.01203146603480490      0.03630308881522680      0.28671207370626800           2           1
         568      0.01124054213117930      0.03395576747682570      0.30937835199833602           2           1
         569      0.01008635428655080      0.03050378546772140      0.32946714105670000           2           1
         570      0.00857839969057304      0.02599303761585590      0.34617608603100303           2           1
         571      0.00820409773660501      0.04224078495765700      0.15976737859849899           2           1
         572      0.00958109842506358      0.04943220600271170      0.17544365792874900           2           1
         573      0.01064976909492320      0.05500954701108490      0.19428864043539101           2           1
         574      0.01138411424315440      0.05883549492642450      0.21555059444002900           2           1
         575      0.01176197787058870      0.06078579905622490      0.23834176272218199           2           1
         576      0.01176197214300060      0.06078578266257400      0.26165862237448501           2           1
         577      0.01138409931363740      0.05883545544861700      0.28444975443594500           2           1
         578      0.01064975229522140      0.05500947345410580      0.30571168008635502           2           1
         579      0.00958109183339295      0.04943218816662190      0.32455640492422400           2           1
         580      0.00820410112946435      0.04224078622751440      0.34023260196437599           2           1
         581      0.00761992608954571      0.05697311092759990      0.16821009618499300           2           1
         582      0.00883132855264027      0.06636479998809761      0.18253326696901401           2           1
         583      0.00975176608177118      0.07379702117665270      0.19964014367277200           2           1
         584      0.01038553538392710      0.07895949284711420      0.21887793581059201           2           1
         585      0.01070615078192120      0.08159533282841450      0.23947285168787499           2           1
         586      0.01070614590986900      0.08159531055966660      0.26052750028099098           2           1
         587      0.01038551964453440      0.07895943922816109      0.28112238221361702           2           1
         588      0.00975174640664145      0.07379692386287920      0.30036014906198899           2           1
         589      0.00883132205684070      0.06636478217994241      0.31746679435288899           2           1
         590      0.00761992878457533      0.05697311868272850      0.33178988852861202           2           1
         591      0.00678793495114017      0.06967638173214920      0.17862968776617899           2           1
         592      0.00783031829690449      0.08069168884483870      0.19149061634280301           2           1
         593      0.00858165835931211      0.08961009100874030      0.20654549944018599           2           1
         594      0.00907303644271653      0.09589928614330780      0.22323867568427100           2           1
         595      0.00931610867587170      0.09914504916679780      0.24096287176640099           2           1
         596      0.00931610374630047      0.09914501951486060      0.25903741416115100           2           1
         597      0.00907302222387539      0.09589922120054460      0.27676158349868302           2           1
         598      0.00858163986578148      0.08960997105263420      0.29345474221159301           2           1
         599      0.00783031050392240      0.08069166190042180      0.30850942148363703           2           1
         600      0.00678793438174619      0.06967638432219790      0.32137028188348299           2           1
         601      0.02023820650485200     -0.06843367794008400      0.17999009421622400           2           1
         602      0.02266450516512030     -0.05588797086786950      0.17027757322523701           2           1
         603      0.02266068462102820     -0.07870217189823429      0.19267882050571300           2           1
         604      0.02572979820826180     -0.06471110132751620      0.18427877493710401           2           1
         605      0.02434002227579250     -0.08712286590448780      0.20745342906391701           2           1
         606      0.02805694096597380     -0.07177158613469410      0.20095002035520401           2           1
         607      0.02539822417305780     -0.09306029645785389      0.22381094341078800           2           1
         608      0.02961667143710800     -0.07667378343877700      0.21969374643083200           2           1
         609      0.02591254408323300     -0.09614931175135030      0.24115746755941000           2           1
         610      0.03039662509886600     -0.07919523606478400      0.23974910312439099           2           1
         611      0.02591254098539060     -0.09614929218905301      0.25884282407271902           2           1
         612      0.03039661920529580     -0.07919522095777810      0.26025124101490299           2           1
         613      0.02539821601145490     -0.09306022679779430      0.27618931961450699           2           1
         614      0.02961665089795960     -0.07667372438591480      0.28030656245636199           2           1
         615      0.02433999959881360     -0.08712275906007511      0.29254681796037502           2           1
         616      0.02805690538113120     -0.07177149783444529      0.29905026484283997           2           1
         617      0.02266067656988060     -0.07870214445749010      0.30732122199904099           2           1
         618      0.02572978431898780     -0.06471108229034700      0.31572127966720698           2           1
         619      0.02023821132475640     -0.06843370848292220      0.32000989049880901           2           1
         620      0.02266450615594280     -0.05588800058588590      0.32972241507732802           2           1
         621      0.02439408205643680     -0.04140404331659130      0.16234312761140801           2           1
         622      0.02809961301809760     -0.04820666063133930      0.17758954962759499           2           1
         623      0.03094546082812710     -0.05353302537145250      0.19588929009570699           2           1
         624      0.03287347787282340     -0.05718724166955050      0.21654229442100500           2           1
         625      0.03385875288359850     -0.05906394088461260      0.23867691661355001           2           1
         626      0.03385874687458180     -0.05906392974939580      0.26132345891473502           2           1
         627      0.03287345342173930     -0.05718719796231840      0.28345804379633099           2           1
         628      0.03094541450063340     -0.05353295907299850      0.30411102071069002           2           1
         629      0.02809959340489110     -0.04820664455067310      0.32241050565010199           2           1
         630      0.02439408045387110     -0.04140406525879210      0.33765685527244299           2           1
         631      0.02550821381022070     -0.02548176191653890      0.15674413197861101           2           1
         632      0.02971214411883050     -0.02977727679577960      0.17295041347321699           2           1
         633      0.03295867427098160     -0.03309372464614130      0.19241657595197900           2           1
         634      0.03514768348243750     -0.03534974998383340      0.21439727160943900           2           1
         635      0.03626301432767910     -0.03650256499644940      0.23795207327613099           2           1
         636      0.03626300662174160     -0.03650255654530080      0.26204834422423101           2           1
         637      0.03514765794667450     -0.03534971827797150      0.28560310705307101           2           1
         638      0.03295862625693110     -0.03309367704658380      0.30758377209305399           2           1
         639      0.02971212261607550     -0.02977725949277630      0.32704966173160999           2           1
         640      0.02550821150790160     -0.02548177117142190      0.34325586695328097           2           1
         641      0.02601972081671590     -0.00864197816483124      0.15383550073413299           2           1
         642      0.03052320807410890     -0.01012415799477020      0.17054909197484699           2           1
         643      0.03397141666215110     -0.01125301050061260      0.19063678500342701           2           1
         644      0.03631540646193130     -0.01202428478678490      0.21329865653461400           2           1
         645      0.03750418068605490     -0.01241752028375400      0.23758142919888600           2           1
         646      0.03750416917761340     -0.01241751550434460      0.26241901316837002           2           1
         647      0.03631538267940740     -0.01202426836439080      0.28670174795798797           2           1
         648      0.03397137045359820     -0.01125298823231340      0.30936358823612398           2           1
         649      0.03052319725750660     -0.01012414572216690      0.32945100597295501           2           1
         650      0.02601972719221300     -0.00864197481127606      0.34616451162934703           2           1
         651      0.02599303310835750      0.00857840412411612      0.15382392691062499           2           1
         652      0.03053540447417960      0.00999719546430018      0.17053254861791900           2           1
         653      0.03401861249343900      0.01108428118141310      0.19062100027551901           2           1
         654      0.03638169641646640      0.01180969226921260      0.21328792976574501           2           1
         655      0.03758006466745170      0.01217659683569020      0.23757769556315400           2           1
         656      0.03758005378557170      0.01217659204630050      0.26242274625171103           2           1
         657      0.03638167255305750      0.01180968023699980      0.28671247400452698           2           1
         658      0.03401856874986900      0.01108425614414470      0.30937937201566301           2           1
         659      0.03053539960194560      0.00999717844951093      0.32946754846039100           2           1
         660      0.02599304877677420      0.00857839153611917      0.34617608480771800           2           1
         661      0.02546631219007490      0.02546632284130170      0.15672904859592601           2           1
         662      0.02976947435805570      0.02968117029409710      0.17292940094910600           2           1
         663      0.03309140469956900      0.03293681355246470      0.19239639230727201           2           1
         664      0.03535110605606720      0.03513271407576510      0.21438286109092999           2           1
         665      0.03650560368405100      0.03625128529896860      0.23794692439846901           2           1
         666      0.03650559532977980      0.03625127709657140      0.26205349102877101           2           1
         667      0.03535107453544450      0.03513268706864520      0.28561751549002401           2           1
         668      0.03309135782244450      0.03293676314176960      0.30760395406203800           2           1
         669      0.02976945847595340      0.02968114580653460      0.32707067302654802           2           1
         670      0.02546632374336330      0.02546631638555220      0.34327094948633402           2           1
         671      0.02436081002188940      0.04140639082030690      0.16233460941143801           2           1
         672      0.02821693649082480      0.04812377244274630      0.17757808610216599           2           1
         673      0.03120963542858530      0.05338695924852670      0.19587524639491399           2           1
         674      0.03325236866033750      0.05697770330289360      0.21653261638572699           2           1
         675      0.03430241641638010      0.05881862235635220      0.23867343740816099           2           1
         676      0.03430240734139030      0.05881861136336720      0.26132694478691099           2           1
         677      0.03325233944602670      0.05697766502841440      0.28346772896858802           2           1
         678      0.03120959588511150      0.05338689121929910      0.30412507204495398           2           1
         679      0.02821692380724990      0.04812374970192360      0.32242197667877098           2           1
         680      0.02436081924134040      0.04140639686362300      0.33766538015189101           2           1
         681      0.02264750992386180      0.05588861529955450      0.17027290979435100           2           1
         682      0.02593221232533860      0.06462884941343860      0.18427607203784799           2           1
         683      0.02844072960822240      0.07162861560889321      0.20094786686556201           2           1
         684      0.03014651457765250      0.07647242529759200      0.21969315745095100           2           1
         685      0.03100694503083430      0.07896133261283150      0.23974903525160399           2           1
         686      0.03100693749914750      0.07896131794996880      0.26025131969411902           2           1
         687      0.03014648593367090      0.07647237183190790      0.28030716292459901           2           1
         688      0.02844068995726930      0.07162852520372710      0.29905242957784500           2           1
         689      0.02593220162024170      0.06462882414842530      0.31572399368855403           2           1
         690      0.02264751843253890      0.05588862994409720      0.32972708774101700           2           1
         691      0.02023820683031880      0.06843368723971360      0.17999010183535599           2           1
         692      0.02294552380936230      0.07862001386401640      0.19268841037227599           2           1
         693      0.02487377665840890      0.08698939099733891      0.20746431664574699           2           1
         694      0.02611276187816900      0.09287711252432670      0.22382139938103601           2           1
         695      0.02672267430608190      0.09593873158790391      0.24116173705392799           2           1
         696      0.02672266750592420      0.09593871203493150      0.25883856405935002           2           1
         697      0.02611274054120680      0.09287704771828501      0.27617887443059702           2           1
         698      0.02487374352137360      0.08698928124355371      0.29253594120820697           2           1
         699      0.02294551185739130      0.07861997938360070      0.30731164231790598           2           1
         700      0.02023820978962970      0.06843370191701180      0.32000989020585402           2           1
         701      0.03331707997470490     -0.06591776754325200      0.18261992783915801           2           1
         702      0.03702386901109710     -0.05365436583160510      0.17423032984263601           2           1
         703      0.03711343670818860     -0.07478983768476349      0.19501262652829099           2           1
         704      0.04186798948210170     -0.06139773152403080      0.18764198728994499           2           1
         705      0.03981462780452780     -0.08214603737266490      0.20927634807861301           2           1
         706      0.04562357324414050     -0.06763975304499800      0.20350923370595700           2           1
         707      0.04155155955302260     -0.08738232978608190      0.22496606333905400           2           1
         708      0.04818258027456800     -0.07200273723361790      0.22129133058187700           2           1
         709      0.04240723584281000     -0.09012937090205850      0.24155220922260601           2           1
         710      0.04947463867815590     -0.07426169787608380      0.24029148083314000           2           1
         711      0.04240723038060120     -0.09012935129671980      0.25844806832695699           2           1
         712      0.04947463006014550     -0.07426168244425130      0.25970884418939699           2           1
         713      0.04155154501700560     -0.08738226526556180      0.27503418681021402           2           1
         714      0.04818254879935180     -0.07200268228598460      0.27870896081353502           2           1
         715      0.03981459364510860     -0.08214594712746991      0.29072389020063399           2           1
         716      0.04562352275724270     -0.06763967816931590      0.29649103789609998           2           1
         717      0.03711342597510350     -0.07478981756695910      0.30498741512615501           2           1
         718      0.04186797564715870     -0.06139771830382570      0.31235806550883699           2           1
         719      0.03331708357815310     -0.06591779282756090      0.31738005543776199           2           1
         720      0.03702387483263440     -0.05365439105972930      0.32576965754446302           2           1
         721      0.03972158526880330     -0.03966909330530900      0.16728014788900600           2           1
         722      0.04560814721661200     -0.04570865445116560      0.18171824285829699           2           1
         723      0.05021368043439860     -0.05046091545090390      0.19899670732348901           2           1
         724      0.05337419215481250     -0.05373720123309550      0.21846918258570100           2           1
         725      0.05500214893993140     -0.05543055840761860      0.23932914526366700           2           1
         726      0.05500214023532880     -0.05543054699509010      0.26067121628322298           2           1
         727      0.05337415687080340     -0.05373716130520440      0.28153114351003600           2           1
         728      0.05021361874928960     -0.05046086028565910      0.30100359476329103           2           1
         729      0.04560812926021610     -0.04570864418669770      0.31828181860201199           2           1
         730      0.03972159316296890     -0.03966911359822890      0.33271984328910198           2           1
         731      0.04147262443399560     -0.02437284954283350      0.16236906926832700           2           1
         732      0.04817180528026330     -0.02822132323463790      0.17761416502366600           2           1
         733      0.05341978213348320     -0.03120851629023510      0.19590618802600299           2           1
         734      0.05699901211008760     -0.03324754880548330      0.21655347950339399           2           1
         735      0.05883451276517010     -0.03429589984450700      0.23868073639605999           2           1
         736      0.05883450180937140     -0.03429589073616910      0.26131964655946999           2           1
         737      0.05699897424165040     -0.03324751956440680      0.28344686667496499           2           1
         738      0.05341971423677550     -0.03120847624546230      0.30409413095984800           2           1
         739      0.04817178235314780     -0.02822130930426940      0.32238589805374401           2           1
         740      0.04147263069593810     -0.02437285649981460      0.33763092041994103           2           1
         741      0.04228244892722660     -0.00824947558852492      0.15979170838272200           2           1
         742      0.04946167101311680     -0.00960068286580591      0.17546974661143200           2           1
         743      0.05503192073516340     -0.01064400556022580      0.19431048838880699           2           1
         744      0.05885206694755480     -0.01135869408764680      0.21556517030462199           2           1
         745      0.06079995327105270     -0.01172601468135380      0.23834682677871399           2           1
         746      0.06079993632238240     -0.01172600917934970      0.26165355330523599           2           1
         747      0.05885203166968270     -0.01135867960055510      0.28443517390992301           2           1
         748      0.05503185296498310     -0.01064398842092040      0.30568982778413800           2           1
         749      0.04946166115016550     -0.00960067329629368      0.32453031225042001           2           1
         750      0.04228246134555820     -0.00824947161694200      0.34020826854795999           2           1
         751      0.04224077283271370      0.00820410787666221      0.15976737598223401           2           1
         752      0.04946355821335380      0.00943808003661038      0.17544205070071500           2           1
         753      0.05507066124276380      0.01036726627412930      0.19428664615321301           2           1
         754      0.05891127928857510      0.01098942376351330      0.21554967110532600           2           1
         755      0.06086917030608570      0.01130400849790820      0.23834152424343999           2           1
         756      0.06086915430116850      0.01130400493960570      0.26165885123721400           2           1
         757      0.05891124437204960      0.01098941169557140      0.28445066819267001           2           1
         758      0.05507059678449480      0.01036724071882680      0.30571366469735101           2           1
         759      0.04946355583447870      0.00943806376348707      0.32455800306212301           2           1
         760      0.04224079678926180      0.00820409739409428      0.34023259636735398           2           1
         761      0.04140638052796330      0.02436082012321450      0.16233460766634100           2           1
         762      0.04821133901774900      0.02807535493195180      0.17757531639434099           2           1
         763      0.05353651841246080      0.03092994955056750      0.19587438114295000           2           1
         764      0.05718771198376070      0.03286334078514060      0.21653186677452299           2           1
         765      0.05906260603383920      0.03385167878868760      0.23867315783507401           2           1
         766      0.05906259484125300      0.03385167215882280      0.26132721745636200           2           1
         767      0.05718766845599570      0.03286331508340820      0.28346847128037700           2           1
         768      0.05353645239995150      0.03092990238817880      0.30412592968795299           2           1
         769      0.04821132321252900      0.02807533344377130      0.32242473928338100           2           1
         770      0.04140640262033370      0.02436081578589900      0.33766537606162800           2           1
         771      0.03966915988918370      0.03966916978189060      0.16725390309444299           2           1
         772      0.04571105785027100      0.04557070556784500      0.18169024157153599           2           1
         773      0.05046215072516100      0.05019085132470990      0.19897198225496901           2           1
         774      0.05373543533750550      0.05336037918514880      0.21845287388371301           2           1
         775      0.05542700245907130      0.05499348863030060      0.23932342755109601           2           1
         776      0.05542699099561560      0.05499347943597160      0.26067693258782298           2           1
         777      0.05373539561881720      0.05336034344537420      0.28154745084899102           2           1
         778      0.05046209597708650      0.05019079020807770      0.30102831867516899           2           1
         779      0.04571104802567960      0.04557068793292120      0.31830981896854799           2           1
         780      0.03966918055901280      0.03966917786167900      0.33274608749160600           2           1
         781      0.03699710164175520      0.05365321784657850      0.17421649348509499           2           1
         782      0.04206179241800990      0.06126278205893390      0.18762925484842999           2           1
         783      0.04599160056742720      0.06737699587993420      0.20350394017531900           2           1
         784      0.04869101688231330      0.07164123108091040      0.22128939599826600           2           1
         785      0.05006026075497600      0.07384502933783960      0.24029109581496999           2           1
         786      0.05006025058463350      0.07384501580986449      0.25970922245774403           2           1
         787      0.04869097606612240      0.07164117845433640      0.27871088884712503           2           1
         788      0.04599154331546660      0.06737691094914100      0.29649632374747198           2           1
         789      0.04206177923274440      0.06126275730749190      0.31237079104438398           2           1
         790      0.03699711220334530      0.05365322599687060      0.32578348668978202           2           1
         791      0.03331708028183870      0.06591777699787990      0.18261993567889701           2           1
         792      0.03739606316452470      0.07465850078484340      0.19502030264069400           2           1
         793      0.04033328687407240      0.08190154610482740      0.20929190213665000           2           1
         794      0.04224094887880860      0.08705198247352899      0.22498124673561401           2           1
         795      0.04318636431616920      0.08975153044650711      0.24155849374751401           2           1
         796      0.04318635582343590      0.08975151276702691      0.25844179555659902           2           1
         797      0.04224092139301400      0.08705192118805190      0.27501901615617602           2           1
         798      0.04033324177893150      0.08190144787261260      0.29070834802868500           2           1
         799      0.03739604922589590      0.07465847250026210      0.30497975134333599           2           1
         800      0.03331708347954860      0.06591778976272200      0.31738005896574201           2           1
         801      0.04578178844211540     -0.06221731140591170      0.18652395184293299           2           1
         802      0.05033926265323110     -0.05030696843961740      0.17977118916266099           2           1
         803      0.05047447260030910     -0.06929929705466600      0.19857216102952599           2           1
         804      0.05648394879627330     -0.05666666648426980      0.19247516674754800           2           1
         805      0.05392499912317740     -0.07515931085403180      0.21210915205725400           2           1
         806      0.06139597323909880     -0.06175078063714250      0.20725132569368901           2           1
         807      0.05619993160871300     -0.07934655001221130      0.22678278499274099           2           1
         808      0.06481317786255250     -0.06530261516908591      0.22365392957027400           2           1
         809      0.05732343871623700     -0.08150496558967520      0.24217988608686200           2           1
         810      0.06654353708580750     -0.06710626051060201      0.24110118062340199           2           1
         811      0.05732343092220070     -0.08150494911823709      0.25782038463650703           2           1
         812      0.06654352500037999     -0.06710624725358960      0.25889912468129600           2           1
         813      0.05619990874422480     -0.07934648842257050      0.27321745940389502           2           1
         814      0.06481313142589250     -0.06530256115662340      0.27634634372203398           2           1
         815      0.05392495132390180     -0.07515922585053890      0.28789108364018301           2           1
         816      0.06139590246820570     -0.06175070726905270      0.29274893096303900           2           1
         817      0.05047445988840560     -0.06929927976730420      0.30142789176768198           2           1
         818      0.05648393075975590     -0.05666665306844660      0.30752488940679901           2           1
         819      0.04578179381858950     -0.06221732924587080      0.31347604381996402           2           1
         820      0.05033926975503730     -0.05030698490478330      0.32022880443575902           2           1
         821      0.05372114313873410     -0.03699883099737970      0.17426516660403499           2           1
         822      0.06130976351790720     -0.04206119210564860      0.18767468245261501           2           1
         823      0.06740349910366440     -0.04599215402381260      0.20354109435306700           2           1
         824      0.07165507622783129     -0.04869455231246060      0.22131315354545100           2           1
         825      0.07385163217716230     -0.05006557280130620      0.24029929506405401           2           1
         826      0.07385161904162260     -0.05006556268455630      0.25970102581443499           2           1
         827      0.07165502336363790     -0.04869451128468750      0.27868713389144900           2           1
         828      0.06740341237019309     -0.04599209626908190      0.29645917193455401           2           1
         829      0.06130973648537170     -0.04206117837992990      0.31232536572121899           2           1
         830      0.05372114848751440     -0.03699884103741450      0.32573481564428097           2           1
         831      0.05597390324871280     -0.02265415378057830      0.17033536647029701           2           1
         832      0.06468865299273420     -0.02593120032952180      0.18433392237685201           2           1
         833      0.07166711246253051     -0.02843419081665880      0.20099435611778699           2           1
         834      0.07649478536223110     -0.03013625242796340      0.21972334748801600           2           1
         835      0.07897609632169281     -0.03099497354490260      0.23975944336855201           2           1
         836      0.07897608131271720     -0.03099496613174210      0.26024091377031999           2           1
         837      0.07649473146520470     -0.03013622418075260      0.28027697520162198           2           1
         838      0.07166702030564860     -0.02843415132733960      0.29900594248786599           2           1
         839      0.06468862490216200     -0.02593118917023910      0.31566614548408101           2           1
         840      0.05597391486086100     -0.02265416085793150      0.32966463324461098           2           1
         841      0.05702696240302580     -0.00764227438669624      0.16824882585188800           2           1
         842      0.06640152733371810     -0.00882788029399363      0.18257058885400201           2           1
         843      0.07382337183972951     -0.00972297220179665      0.19966999061067001           2           1
         844      0.07897754695916100     -0.01033707495693910      0.21889731187504699           2           1
         845      0.08160990797603340     -0.01064714248519680      0.23947951516144900           2           1
         846      0.08160988481366289     -0.01064713828177510      0.26052082906982499           2           1
         847      0.07897749683481289     -0.01033706101113800      0.28110299884265200           2           1
         848      0.07382327893270380     -0.00972295436319303      0.30033029521051502           2           1
         849      0.06640151536385970     -0.00882787372864894      0.31742946610580403           2           1
         850      0.05702697835848260     -0.00764227324302825      0.33175115317091702           2           1
         851      0.05697309972239910      0.00761993021322281      0.16821008885308100           2           1
         852      0.06639519622860530      0.00861395501544189      0.18253054561480100           2           1
         853      0.07385626524968630      0.00935569607738784      0.19963577682276001           2           1
         854      0.07903193993116080      0.00984262214655262      0.21887527030096501           2           1
         855      0.08167443821286190      0.01008239779914130      0.23947197225882899           2           1
         856      0.08167441624922110      0.01008239450160800      0.26052836336872598           2           1
         857      0.07903189067898141      0.00984261351898940      0.28112503139862199           2           1
         858      0.07385617684348141      0.00935567825963710      0.30036449967395001           2           1
         859      0.06639519331660861      0.00861394331796460      0.31746950016240999           2           1
         860      0.05697312934113750      0.00761992383949148      0.33178988162058298           2           1
         861      0.05588860570813900      0.02264751417192100      0.17027290376306101           2           1
         862      0.06471354621208870      0.02571685050432950      0.18427078733259700           2           1
         863      0.07177256262171670      0.02804860345477280      0.20094193673153901           2           1
         864      0.07667242068015979      0.02961152909122940      0.21968799441144499           2           1
         865      0.07919251742139539      0.03039331657170380      0.23974701124211301           2           1
         866      0.07919250246507310      0.03039331097941830      0.26025333265935302           2           1
         867      0.07667236184872830      0.02961150840660380      0.28031231425607200           2           1
         868      0.07177247444494560      0.02804856714609490      0.29905834822163502           2           1
         869      0.06471352729866441      0.02571683567609230      0.31572926725131201           2           1
         870      0.05588863534569670      0.02264751386632970      0.32972708463630701           2           1
         871      0.05365320765169690      0.03699710536935830      0.17421649020491700           2           1
         872      0.06139835064823880      0.04184815167689630      0.18762691268682000           2           1
         873      0.06763894169952500      0.04561121588623640      0.20349607892627600           2           1
         874      0.07199959915695220      0.04817559252509890      0.22128254373317399           2           1
         875      0.07425721320977560      0.04947074664925570      0.24028837881882201           2           1
         876      0.07425719797157680      0.04947073849534680      0.25971194548884102           2           1
         877      0.07199954451002920      0.04817556129142240      0.27871774696435803           2           1
         878      0.06763886706674919      0.04561116534419890      0.29650419193393301           2           1
         879      0.06139833774112270      0.04184813802448650      0.31237313954289597           2           1
         880      0.05365323306998650      0.03699711138097120      0.32578349669269102           2           1
         881      0.05030553119740870      0.05030553542678690      0.17974438022008599           2           1
         882      0.05666697313099940      0.05646002995014650      0.19245005026419601           2           1
         883      0.06174969404875730      0.06138240508220300      0.20723098914437299           2           1
         884      0.06529921379145430      0.06480715374916710      0.22364084152208799           2           1
         885      0.06710152143051350      0.06654187058385760      0.24109664634674099           2           1
         886      0.06710150840203830      0.06654185910895910      0.25890365774222301           2           1
         887      0.06529916013483381      0.06480710789189280      0.27635943056935403           2           1
         888      0.06174962100274860      0.06138233484291290      0.29276926624943000           2           1
         889      0.05666696016125950      0.05646001310292840      0.30755000473740801           2           1
         890      0.05030554805091550      0.05030554405764890      0.32025561226377303           2           1
         891      0.04578178827743700      0.06221731533808250      0.18652395593971099           2           1
         892      0.05074848751083910      0.06909827818700860      0.19857868850387200           2           1
         893      0.05442681987791090      0.07481645740101329      0.21211677209165700           2           1
         894      0.05685927956683020      0.07889371737761700      0.22679170005667501           2           1
         895      0.05806416946619180      0.08099339306998650      0.24218378400279700           2           1
         896      0.05806415866003090      0.08099337767040020      0.25781649217805902           2           1
         897      0.05685924431510180      0.07889366293705100      0.27320855085155499           2           1
         898      0.05442676327780550      0.07481637452156240      0.28788347087186100           2           1
         899      0.05074847194118020      0.06909825668542140      0.30142137109941203           2           1
         900      0.04578179277984070      0.06221732455079180      0.31347604587715500           2           1
         901      0.05740208413589860     -0.05740208413589860      0.19163139397405499           2           1
         902      0.06225660548425470     -0.04578200992656560      0.18656050771700700           2           1
         903      0.06241400495396130     -0.06268040271798631      0.20340025105840101           2           1
         904      0.06912487747608601     -0.05074699877662960      0.19861133743390399           2           1
         905      0.06625208996728230     -0.06672249351801129      0.21606597604236299           2           1
         906      0.07482983581225811     -0.05442668777465520      0.21214249803024501           2           1
         907      0.06885780810927720     -0.06946672076738500      0.22937626842848000           2           1
         908      0.07889737737149741     -0.05686145103650280      0.22680801395963299           2           1
         909      0.07017487759715810     -0.07085379334162990      0.24308123275572599           2           1
         910      0.08099143362487900     -0.05806767012437560      0.24218939223659899           2           1
         911      0.07017486624501770     -0.07085377963604310      0.25691901164871900           2           1
         912      0.08099141753385430     -0.05806765912632740      0.25781088609045599           2           1
         913      0.06885778125881439     -0.06946668248369900      0.27062395594723199           2           1
         914      0.07889732221025210     -0.05686141558843070      0.27319223908123202           2           1
         915      0.06625203294589740     -0.06672242877011390      0.28393424868977302           2           1
         916      0.07482975214204760     -0.05442663113104640      0.28785774714663898           2           1
         917      0.06241398490356670     -0.06268038051802451      0.29659980300159500           2           1
         918      0.06912485423705669     -0.05074698312878790      0.30138872432589198           2           1
         919      0.05740208413589860     -0.05740208413589860      0.30836860602594501           2           1
         920      0.06225661241858710     -0.04578201448646020      0.31343949625638501           2           1
         921      0.06599585928306199     -0.03331688673111880      0.18269384359993701           2           1
         922      0.07470966933974230     -0.03739354724366350      0.19508533943938100           2           1
         923      0.08192637076925149     -0.04033191276611310      0.20934304473163901           2           1
         924      0.08706050719833720     -0.04224254034553630      0.22501338884621699           2           1
         925      0.08975072329937120     -0.04318972029116970      0.24156948667520400           2           1
         926      0.08975070600817010     -0.04318971192665270      0.25843080714796302           2           1
         927      0.08706044526125541     -0.04224251286152740      0.27498687858175003           2           1
         928      0.08192626996581730     -0.04033186744232930      0.29065720972238701           2           1
         929      0.07470963746637790     -0.03739353316779140      0.30491471891020400           2           1
         930      0.06599586746870439     -0.03331688991035040      0.31730615532604201           2           1
         931      0.06853053642429360     -0.02023708104344450      0.18008712275587899           2           1
         932      0.07868409522255360     -0.02293673925482350      0.19277314028900100           2           1
         933      0.08702606894668220     -0.02485944643713090      0.20753000243068301           2           1
         934      0.09289303109073560     -0.02609468803170310      0.22386310599667500           2           1
         935      0.09594487596589960     -0.02670287965028940      0.24117598471751400           2           1
         936      0.09594485581647839     -0.02670287321500070      0.25882432162278102           2           1
         937      0.09289296541485280     -0.02609466779834720      0.27613717322193898           2           1
         938      0.08702595622174990     -0.02485941459695130      0.29247026080343402           2           1
         939      0.07868405620804660     -0.02293672830262070      0.30722691799429303           2           1
         940      0.06853054601483630     -0.02023708425287770      0.31991287514650502           2           1
         941      0.06973769439031570     -0.00678768828486368      0.17868752320116099           2           1
         942      0.08073095229627381     -0.00780427202140000      0.19154283174826400           2           1
         943      0.08963569243983910     -0.00853027028614668      0.20658596012594599           2           1
         944      0.09591409625409780     -0.00900197360898335      0.22326442115408299           2           1
         945      0.09915531923938790     -0.00923449394950490      0.24097165831256701           2           1
         946      0.09915528844570420     -0.00923449017461401      0.25902861891919099           2           1
         947      0.09591403437204440     -0.00900196266383167      0.27673582984514500           2           1
         948      0.08963557596281840     -0.00853025602024862      0.29341427381449697           2           1
         949      0.08073092968866180     -0.00780426736824028      0.30845719912563102           2           1
         950      0.06973770304685510     -0.00678768778960645      0.32131244048429097           2           1
         951      0.06967637100743609      0.00678793464505822      0.17862967853492401           2           1
         952      0.08072123910987319      0.00754289276944370      0.19148618564221101           2           1
         953      0.08966584453320101      0.00804283343806129      0.20653879693426799           2           1
         954      0.09596612944484770      0.00834830601752524      0.22323397552014099           2           1
         955      0.09921728626101339      0.00849296128489373      0.24096118465178701           2           1
         956      0.09921725691542470      0.00849295956037020      0.25903908026793199           2           1
         957      0.09596606875902269      0.00834830379996684      0.27676626252584502           2           1
         958      0.08966573324430190      0.00804282335476875      0.29346142358406402           2           1
         959      0.08072122663667750      0.00754288729366045      0.30851383200795601           2           1
         960      0.06967639491069580      0.00678793535585151      0.32137027270916402           2           1
         961      0.06843367794008400      0.02023820650485200      0.17999009421622400           2           1
         962      0.07870217189823429      0.02266068462102820      0.19267882050571300           2           1
         963      0.08712286590448780      0.02434002227579250      0.20745342906391701           2           1
         964      0.09306029645785389      0.02539822417305780      0.22381094341078800           2           1
         965      0.09614931175135030      0.02591254408323300      0.24115746755941000           2           1
         966      0.09614929218905301      0.02591254098539060      0.25884282407271902           2           1
         967      0.09306022679779430      0.02539821601145490      0.27618931961450699           2           1
         968      0.08712275906007511      0.02433999959881360      0.29254681796037502           2           1
         969      0.07870214445749010      0.02266067656988060      0.30732122199904099           2           1
         970      0.06843370848292220      0.02023821132475640      0.32000989049880901           2           1
         971      0.06591776754325200      0.03331707997470490      0.18261992783915801           2           1
         972      0.07478983768476349      0.03711343670818860      0.19501262652829099           2           1
         973      0.08214603737266490      0.03981462780452780      0.20927634807861301           2           1
         974      0.08738232978608190      0.04155155955302260      0.22496606333905400           2           1
         975      0.09012937090205850      0.04240723584281000      0.24155220922260601           2           1
         976      0.09012935129671980      0.04240723038060120      0.25844806832695699           2           1
         977      0.08738226526556180      0.04155154501700560      0.27503418681021402           2           1
         978      0.08214594712746991      0.03981459364510860      0.29072389020063399           2           1
         979      0.07478981756695910      0.03711342597510350      0.30498741512615501           2           1
         980      0.06591779282756090      0.03331708357815310      0.31738005543776199           2           1
         981      0.06221731140591170      0.04578178844211540      0.18652395184293299           2           1
         982      0.06929929705466600      0.05047447260030910      0.19857216102952599           2           1
         983      0.07515931085403180      0.05392499912317740      0.21210915205725400           2           1
         984      0.07934655001221130      0.05619993160871300      0.22678278499274099           2           1
         985      0.08150496558967520      0.05732343871623700      0.24217988608686200           2           1
         986      0.08150494911823709      0.05732343092220070      0.25782038463650703           2           1
         987      0.07934648842257050      0.05619990874422480      0.27321745940389502           2           1
         988      0.07515922585053890      0.05392495132390180      0.28789108364018301           2           1
         989      0.06929927976730420      0.05047445988840560      0.30142789176768198           2           1
         990      0.06221732924587080      0.04578179381858950      0.31347604381996402           2           1
         991      0.05740208413589860      0.05740208413589860      0.19163139397405499           2           1
         992      0.06268040271798631      0.06241400495396130      0.20340025105840101           2           1
         993      0.06672249351801129      0.06625208996728230      0.21606597604236299           2           1
         994      0.06946672076738500      0.06885780810927720      0.22937626842848000           2           1
         995      0.07085379334162990      0.07017487759715810      0.24308123275572599           2           1
         996      0.07085377963604310      0.07017486624501770      0.25691901164871900           2           1
         997      0.06946668248369900      0.06885778125881439      0.27062395594723199           2           1
         998      0.06672242877011390      0.06625203294589740      0.28393424868977302           2           1
         999      0.06268038051802451      0.06241398490356670      0.29659980300159500           2           1
        1000      0.05740208413589860      0.05740208413589860      0.30836860602594501           2           1
         1        899        900        889       1000          2          6       4375        491          1
         2        900        890        889       1000          3          1       4376        490          1
         3        889        890        990       1000       4377          4          2         55          1
         4        889        990        989       1000       4378          5          3         60          1
         5        889        989        999       1000       4379          6          4          9          1
         6        889        999        899       1000       4380          1          5          8          1
         7        898        899        888        999          8         12       4381        497          1
         8        899        889        888        999          9          7          6        496          1
         9        888        889        989        999          5         10          8         61          1
        10        888        989        988        999       4382         11          9         66          1
        11        888        988        998        999       4383         12         10         15          1
        12        888        998        898        999       4384          7         11         14          1
        13        897        898        887        998         14         18       4385        503          1
        14        898        888        887        998         15         13         12        502          1
        15        887        888        988        998         11         16         14         67          1
        16        887        988        987        998       4386         17         15         72          1
        17        887        987        997        998       4387         18         16         21          1
        18        887        997        897        998       4388         13         17         20          1
        19        896        897        886        997         20         24       4389        509          1
        20        897        887        886        997         21         19         18        508          1
        21        886        887        987        997         17         22         20         73          1
        22        886        987        986        997       4390         23         21         78          1
        23        886        986        996        997       4391         24         22         27          1
        24        886        996        896        997       4392         19         23         26          1
        25        895        896        885        996         26         30       4393        515          1
        26        896        886        885        996         27         25         24        514          1
        27        885        886        986        996         23         28         26         79          1
        28        885        986        985        996       4394         29         27         84          1
        29        885        985        995        996       4395         30         28         33          1
        30        885        995        895        996       4396         25         29         32          1
        31        894        895        884        995         32         36       4397        521          1
        32        895        885        884        995         33         31         30        520          1
        33        884        885        985        995         29         34         32         85          1
        34        884        985        984        995       4398         35         33         90          1
        35        884        984        994        995       4399         36         34         39          1
        36        884        994        894        995       4400         31         35         38          1
        37        893        894        883        994         38         42       4401        527          1
        38        894        884        883        994         39         37         36        526          1
        39        883        884        984        994         35         40         38         91          1
        40        883        984        983        994       4402         41         39         96          1
        41        883        983        993        994       4403         42         40         45          1
        42        883        993        893        994       4404         37         41         44          1
        43        892        893        882        993         44         48       4405        533          1
        44        893        883        882        993         45         43         42        532          1
        45        882        883        983        993         41         46         44         97          1
        46        882        983        982        993       4406         47         45        102          1
        47        882        982        992        993       4407         48         46         51          1
        48        882        992        892        993       4408         43         47         50          1
        49        891        892        881        992         50         54       4409        539          1
        50        892        882        881        992         51         49         48        538          1
        51        881        882        982        992         47         52         50        103          1
        52        881        982        981        992       4410         53         51        108          1
        53        881        981        991        992       4411         54         52       4412          1
        54        881        991        891        992       4413         49         53       4414          1
        55        889        890        879        990         56         60          3        545          1
        56        890        880        879        990         57         55       4415        544          1
        57        879        880        980        990       4416         58         56        109          1
        58        879        980        979        990       4417         59         57        114          1
        59        879        979        989        990       4418         60         58         63          1
        60        879        989        889        990          4         55         59         62          1
        61        888        889        878        989         62         66          9        551          1
        62        889        879        878        989         63         61         60        550          1
        63        878        879        979        989         59         64         62        115          1
        64        878        979        978        989       4419         65         63        120          1
        65        878        978        988        989       4420         66         64         69          1
        66        878        988        888        989         10         61         65         68          1
        67        887        888        877        988         68         72         15        557          1
        68        888        878        877        988         69         67         66        556          1
        69        877        878        978        988         65         70         68        121          1
        70        877        978        977        988       4421         71         69        126          1
        71        877        977        987        988       4422         72         70         75          1
        72        877        987        887        988         16         67         71         74          1
        73        886        887        876        987         74         78         21        563          1
        74        887        877        876        987         75         73         72        562          1
        75        876        877        977        987         71         76         74        127          1
        76        876        977        976        987       4423         77         75        132          1
        77        876        976        986        987       4424         78         76         81          1
        78        876        986        886        987         22         73         77         80          1
        79        885        886        875        986         80         84         27        569          1
        80        886        876        875        986         81         79         78        568          1
        81        875        876        976        986         77         82         80        133          1
        82        875        976        975        986       4425         83         81        138          1
        83        875        975        985        986       4426         84         82         87          1
        84        875        985        885        986         28         79         83         86          1
        85        884        885        874        985         86         90         33        575          1
        86        885        875        874        985         87         85         84        574          1
        87        874        875        975        985         83         88         86        139          1
        88        874        975        974        985       4427         89         87        144          1
        89        874        974        984        985       4428         90         88         93          1
        90        874        984        884        985         34         85         89         92          1
        91        883        884        873        984         92         96         39        581          1
        92        884        874        873        984         93         91         90        580          1
        93        873        874        974        984         89         94         92        145          1
        94        873        974        973        984       4429         95         93        150          1
        95        873        973        983        984       4430         96         94         99          1
        96        873        983        883        984         40         91         95         98          1
        97        882        883        872        983         98        102         45        587          1
        98        883        873        872        983         99         97         96        586          1
        99        872        873        973        983         95        100         98        151          1
       100        872        973        972        983       4431        101         99        156          1
       101        872        972        982        983       4432        102        100        105          1
       102        872        982        882        983         46         97        101        104          1
       103        881        882        871        982        104        108         51        593          1
       104        882        872        871        982        105        103        102        592          1
       105        871        872        972        982        101        106        104        157          1
       106        871        972        971        982       4433        107        105        162          1
       107        871        971        981        982       4434        108        106       4435          1
       108        871        981        881        982         52        103        107       4436          1
       109        879        880        869        980        110        114         57        599          1
       110        880        870        869        980        111        109       4437        598          1
       111        869        870        970        980       4438        112        110        163          1
       112        869        970        969        980       4439        113        111        168          1
       113        869        969        979        980       4440        114        112        117          1
       114        869        979        879        980         58        109        113        116          1
       115        878        879        868        979        116        120         63        605          1
       116        879        869        868        979        117        115        114        604          1
       117        868        869        969        979        113        118        116        169          1
       118        868        969        968        979       4441        119        117        174          1
       119        868        968        978        979       4442        120        118        123          1
       120        868        978        878        979         64        115        119        122          1
       121        877        878        867        978        122        126         69        611          1
       122        878        868        867        978        123        121        120        610          1
       123        867        868        968        978        119        124        122        175          1
       124        867        968        967        978       4443        125        123        180          1
       125        867        967        977        978       4444        126        124        129          1
       126        867        977        877        978         70        121        125        128          1
       127        876        877        866        977        128        132         75        617          1
       128        877        867        866        977        129        127        126        616          1
       129        866        867        967        977        125        130        128        181          1
       130        866        967        966        977       4445        131        129        186          1
       131        866        966        976        977       4446        132        130        135          1
       132        866        976        876        977         76        127        131        134          1
       133        875        876        865        976        134        138         81        623          1
       134        876        866        865        976        135        133        132        622          1
       135        865        866        966        976        131        136        134        187          1
       136        865        966        965        976       4447        137        135        192          1
       137        865        965        975        976       4448        138        136        141          1
       138        865        975        875        976         82        133        137        140          1
       139        874        875        864        975        140        144         87        629          1
       140        875        865        864        975        141        139        138        628          1
       141        864        865        965        975        137        142        140        193          1
       142        864        965        964        975       4449        143        141        198          1
       143        864        964        974        975       4450        144        142        147          1
       144        864        974        874        975         88        139        143        146          1
       145        873        874        863        974        146        150         93        635          1
       146        874        864        863        974        147        145        144        634          1
       147        863        864        964        974        143        148        146        199          1
       148        863        964        963        974       4451        149        147        204          1
       149        863        963        973        974       4452        150        148        153          1
       150        863        973        873        974         94        145        149        152          1
       151        872        873        862        973        152        156         99        641          1
       152        873        863        862        973        153        151        150        640          1
       153        862        863        963        973        149        154        152        205          1
       154        862        963        962        973       4453        155        153        210          1
       155        862        962        972        973       4454        156        154        159          1
       156        862        972        872        973        100        151        155        158          1
       157        871        872        861        972        158        162        105        647          1
       158        872        862        861        972        159        157        156        646          1
       159        861        862        962        972        155        160        158        211          1
       160        861        962        961        972       4455        161        159        216          1
       161        861        961        971        972       4456        162        160       4457          1
       162        861        971        871        972        106        157        161       4458          1
       163        869        870        859        970        164        168        111        653          1
       164        870        860        859        970        165        163       4459        652          1
       165        859        860        960        970       4460        166        164        217          1
       166        859        960        959        970       4461        167        165        222          1
       167        859        959        969        970       4462        168        166        171          1
       168        859        969        869        970        112        163        167        170          1
       169        868        869        858        969        170        174        117        659          1
       170        869        859        858        969        171        169        168        658          1
       171        858        859        959        969        167        172        170        223          1
       172        858        959        958        969       4463        173        171        228          1
       173        858        958        968        969       4464        174        172        177          1
       174        858        968        868        969        118        169        173        176          1
       175        867        868        857        968        176        180        123        665          1
       176        868        858        857        968        177        175        174        664          1
       177        857        858        958        968        173        178        176        229          1
       178        857        958        957        968       4465        179        177        234          1
       179        857        957        967        968       4466        180        178        183          1
       180        857        967        867        968        124        175        179        182          1
       181        866        867        856        967        182        186        129        671          1
       182        867        857        856        967        183        181        180        670          1
       183        856        857        957        967        179        184        182        235          1
       184        856        957        956        967       4467        185        183        240          1
       185        856        956        966        967       4468        186        184        189          1
       186        856        966        866        967        130        181        185        188          1
       187        865        866        855        966        188        192        135        677          1
       188        866        856        855        966        189        187        186        676          1
       189        855        856        956        966        185        190        188        241          1
       190        855        956        955        966       4469        191        189        246          1
       191        855        955        965        966       4470        192        190        195          1
       192        855        965        865        966        136        187        191        194          1
       193        864        865        854        965        194        198        141        683          1
       194        865        855        854        965        195        193        192        682          1
       195        854        855        955        965        191        196        194        247          1
       196        854        955        954        965       4471        197        195        252          1
       197        854        954        964        965       4472        198        196        201          1
       198        854        964        864        965        142        193        197        200          1
       199        863        864        853        964        200        204        147        689          1
       200        864        854        853        964        201        199        198        688          1
       201        853        854        954        964        197        202        200        253          1
       202        853        954        953        964       4473        203        201        258          1
       203        853        953        963        964       4474        204        202        207          1
       204        853        963        863        964        148        199        203        206          1
       205        862        863        852        963        206        210        153        695          1
       206        863        853        852        963        207        205        204        694          1
       207        852        853        953        963        203        208        206        259          1
       208        852        953        952        963       4475        209        207        264          1
       209        852        952        962        963       4476        210        208        213          1
       210        852        962        862        963        154        205        209        212          1
       211        861        862        851        962        212        216        159        701          1
       212        862        852        851        962        213        211        210        700          1
       213        851        852        952        962        209        214        212        265          1
       214        851        952        951        962       4477        215        213        270          1
       215        851        951        961        962       4478        216        214       4479          1
       216        851        961        861        962        160        211        215       4480          1
       217        859        860        849        960        218        222        165        707          1
       218        860        850        849        960        219        217       4481        706          1
       219        849        850        950        960       4482        220        218        271          1
       220        849        950        949        960       4483        221        219        276          1
       221        849        949        959        960       4484        222        220        225          1
       222        849        959        859        960        166        217        221        224          1
       223        858        859        848        959        224        228        171        713          1
       224        859        849        848        959        225        223        222        712          1
       225        848        849        949        959        221        226        224        277          1
       226        848        949        948        959       4485        227        225        282          1
       227        848        948        958        959       4486        228        226        231          1
       228        848        958        858        959        172        223        227        230          1
       229        857        858        847        958        230        234        177        719          1
       230        858        848        847        958        231        229        228        718          1
       231        847        848        948        958        227        232        230        283          1
       232        847        948        947        958       4487        233        231        288          1
       233        847        947        957        958       4488        234        232        237          1
       234        847        957        857        958        178        229        233        236          1
       235        856        857        846        957        236        240        183        725          1
       236        857        847        846        957        237        235        234        724          1
       237        846        847        947        957        233        238        236        289          1
       238        846        947        946        957       4489        239        237        294          1
       239        846        946        956        957       4490        240        238        243          1
       240        846        956        856        957        184        235        239        242          1
       241        855        856        845        956        242        246        189        731          1
       242        856        846        845        956        243        241        240        730          1
       243        845        846        946        956        239        244        242        295          1
       244        845        946        945        956       4491        245        243        300          1
       245        845        945        955        956       4492        246        244        249          1
       246        845        955        855        956        190        241        245        248          1
       247        854        855        844        955        248        252        195        737          1
       248        855        845        844        955        249        247        246        736          1
       249        844        845        945        955        245        250        248        301          1
       250        844        945        944        955       4493        251        249        306          1
       251        844        944        954        955       4494        252        250        255          1
       252        844        954        854        955        196        247        251        254          1
       253        853        854        843        954        254        258        201        743          1
       254        854        844        843        954        255        253        252        742          1
       255        843        844        944        954        251        256        254        307          1
       256        843        944        943        954       4495        257        255        312          1
       257        843        943        953        954       4496        258        256        261          1
       258        843        953        853        954        202        253        257        260          1
       259        852        853        842        953        260        264        207        749          1
       260        853        843        842        953        261        259        258        748          1
       261        842        843        943        953        257        262        260        313          1
       262        842        943        942        953       4497        263        261        318          1
       263        842        942        952        953       4498        264        262        267          1
       264        842        952        852        953        208        259        263        266          1
       265        851        852        841        952        266        270        213        755          1
       266        852        842        841        952        267        265        264        754          1
       267        841        842        942        952        263        268        266        319          1
       268        841        942        941        952       4499        269        267        324          1
       269        841        941        951        952       4500        270        268       4501          1
       270        841        951        851        952        214        265        269       4502          1
       271        849        850        839        950        272        276        219        761          1
       272        850        840        839        950        273        271       4503        760          1
       273        839        840        940        950       4504        274        272        325          1
       274        839        940        939        950       4505        275        273        330          1
       275        839        939        949        950       4506        276        274        279          1
       276        839        949        849        950        220        271        275        278          1
       277        848        849        838        949        278        282        225        767          1
       278        849        839        838        949        279        277        276        766          1
       279        838        839        939        949        275        280        278        331          1
       280        838        939        938        949       4507        281        279        336          1
       281        838        938        948        949       4508        282        280        285          1
       282        838        948        848        949        226        277        281        284          1
       283        847        848        837        948        284        288        231        773          1
       284        848        838        837        948        285        283        282        772          1
       285        837        838        938        948        281        286        284        337          1
       286        837        938        937        948       4509        287        285        342          1
       287        837        937        947        948       4510        288        286        291          1
       288        837        947        847        948        232        283        287        290          1
       289        846        847        836        947        290        294        237        779          1
       290        847        837        836        947        291        289        288        778          1
       291        836        837        937        947        287        292        290        343          1
       292        836        937        936        947       4511        293        291        348          1
       293        836        936        946        947       4512        294        292        297          1
       294        836        946        846        947        238        289        293        296          1
       295        845        846        835        946        296        300        243        785          1
       296        846        836        835        946        297        295        294        784          1
       297        835        836        936        946        293        298        296        349          1
       298        835        936        935        946       4513        299        297        354          1
       299        835        935        945        946       4514        300        298        303          1
       300        835        945        845        946        244        295        299        302          1
       301        844        845        834        945        302        306        249        791          1
       302        845        835        834        945        303        301        300        790          1
       303        834        835        935        945        299        304        302        355          1
       304        834        935        934        945       4515        305        303        360          1
       305        834        934        944        945       4516        306        304        309          1
       306        834        944        844        945        250        301        305        308          1
       307        843        844        833        944        308        312        255        797          1
       308        844        834        833        944        309        307        306        796          1
       309        833        834        934        944        305        310        308        361          1
       310        833        934        933        944       4517        311        309        366          1
       311        833        933        943        944       4518        312        310        315          1
       312        833        943        843        944        256        307        311        314          1
       313        842        843        832        943        314        318        261        803          1
       314        843        833        832        943        315        313        312        802          1
       315        832        833        933        943        311        316        314        367          1
       316        832        933        932        943       4519        317        315        372          1
       317        832        932        942        943       4520        318        316        321          1
       318        832        942        842        943        262        313        317        320          1
       319        841        842        831        942        320        324        267        809          1
       320        842        832        831        942        321        319        318        808          1
       321        831        832        932        942        317        322        320        373          1
       322        831        932        931        942       4521        323        321        378          1
       323        831        931        941        942       4522        324        322       4523          1
       324        831        941        841        942        268        319        323       4524          1
       325        839        840        829        940        326        330        273        815          1
       326        840        830        829        940        327        325       4525        814          1
       327        829        830        930        940       4526        328        326        379          1
       328        829        930        929        940       4527        329        327        384          1
       329        829        929        939        940       4528        330        328        333          1
       330        829        939        839        940        274        325        329        332          1
       331        838        839        828        939        332        336        279        821          1
       332        839        829        828        939        333        331        330        820          1
       333        828        829        929        939        329        334        332        385          1
       334        828        929        928        939       4529        335        333        390          1
       335        828        928        938        939       4530        336        334        339          1
       336        828        938        838        939        280        331        335        338          1
       337        837        838        827        938        338        342        285        827          1
       338        838        828        827        938        339        337        336        826          1
       339        827        828        928        938        335        340        338        391          1
       340        827        928        927        938       4531        341        339        396          1
       341        827        927        937        938       4532        342        340        345          1
       342        827        937        837        938        286        337        341        344          1
       343        836        837        826        937        344        348        291        833          1
       344        837        827        826        937        345        343        342        832          1
       345        826        827        927        937        341        346        344        397          1
       346        826        927        926        937       4533        347        345        402          1
       347        826        926        936        937       4534        348        346        351          1
       348        826        936        836        937        292        343        347        350          1
       349        835        836        825        936        350        354        297        839          1
       350        836        826        825        936        351        349        348        838          1
       351        825        826        926        936        347        352        350        403          1
       352        825        926        925        936       4535        353        351        408          1
       353        825        925        935        936       4536        354        352        357          1
       354        825        935        835        936        298        349        353        356          1
       355        834        835        824        935        356        360        303        845          1
       356        835        825        824        935        357        355        354        844          1
       357        824        825        925        935        353        358        356        409          1
       358        824        925        924        935       4537        359        357        414          1
       359        824        924        934        935       4538        360        358        363          1
       360        824        934        834        935        304        355        359        362          1
       361        833        834        823        934        362        366        309        851          1
       362        834        824        823        934        363        361        360        850          1
       363        823        824        924        934        359        364        362        415          1
       364        823        924        923        934       4539        365        363        420          1
       365        823        923        933        934       4540        366        364        369          1
       366        823        933        833        934        310        361        365        368          1
       367        832        833        822        933        368        372        315        857          1
       368        833        823        822        933        369        367        366        856          1
       369        822        823        923        933        365        370        368        421          1
       370        822        923        922        933       4541        371        369        426          1
       371        822        922        932        933       4542        372        370        375          1
       372        822        932        832        933        316        367        371        374          1
       373        831        832        821        932        374        378        321        863          1
       374        832        822        821        932        375        373        372        862          1
       375        821        822        922        932        371        376        374        427          1
       376        821        922        921        932       4543        377        375        432          1
       377        821        921        931        932       4544        378        376       4545          1
       378        821        931        831        932        322        373        377       4546          1
       379        829        830        818        930        380        384        327        869          1
       380        830        820        818        930        381        379       4547        868          1
       381        818        820        920        930       4548        382        380        433          1
       382        818        920        918        930       4549        383        381        438          1
       383        818        918        929        930       4550        384        382        387          1
       384        818        929        829        930        328        379        383        386          1
       385        828        829        816        929        386        390        333        875          1
       386        829        818        816        929        387        385        384        874          1
       387        816        818        918        929        383        388        386        439          1
       388        816        918        916        929       4551        389        387        444          1
       389        816        916        928        929       4552        390        388        393          1
       390        816        928        828        929        334        385        389        392          1
       391        827        828        814        928        392        396        339        881          1
       392        828        816        814        928        393        391        390        880          1
       393        814        816        916        928        389        394        392        445          1
       394        814        916        914        928       4553        395        393        450          1
       395        814        914        927        928       4554        396        394        399          1
       396        814        927        827        928        340        391        395        398          1
       397        826        827        812        927        398        402        345        887          1
       398        827        814        812        927        399        397        396        886          1
       399        812        814        914        927        395        400        398        451          1
       400        812        914        912        927       4555        401        399        456          1
       401        812        912        926        927       4556        402        400        405          1
       402        812        926        826        927        346        397        401        404          1
       403        825        826        810        926        404        408        351        893          1
       404        826        812        810        926        405        403        402        892          1
       405        810        812        912        926        401        406        404        457          1
       406        810        912        910        926       4557        407        405        462          1
       407        810        910        925        926       4558        408        406        411          1
       408        810        925        825        926        352        403        407        410          1
       409        824        825        808        925        410        414        357        899          1
       410        825        810        808        925        411        409        408        898          1
       411        808        810        910        925        407        412        410        463          1
       412        808        910        908        925       4559        413        411        468          1
       413        808        908        924        925       4560        414        412        417          1
       414        808        924        824        925        358        409        413        416          1
       415        823        824        806        924        416        420        363        905          1
       416        824        808        806        924        417        415        414        904          1
       417        806        808        908        924        413        418        416        469          1
       418        806        908        906        924       4561        419        417        474          1
       419        806        906        923        924       4562        420        418        423          1
       420        806        923        823        924        364        415        419        422          1
       421        822        823        804        923        422        426        369        911          1
       422        823        806        804        923        423        421        420        910          1
       423        804        806        906        923        419        424        422        475          1
       424        804        906        904        923       4563        425        423        480          1
       425        804        904        922        923       4564        426        424        429          1
       426        804        922        822        923        370        421        425        428          1
       427        821        822        802        922        428        432        375        917          1
       428        822        804        802        922        429        427        426        916          1
       429        802        804        904        922        425        430        428        481          1
       430        802        904        902        922       4565        431        429        486          1
       431        802        902        921        922       4566        432        430       4567          1
       432        802        921        821        922        376        427        431       4568          1
       433        818        820        817        920        434        438        381        923          1
       434        820        819        817        920        435        433       4569        922          1
       435        817        819        919        920       4570        436        434       4571          1
       436        817        919        917        920       4572        437        435       4573          1
       437        817        917        918        920       4574        438        436        441          1
       438        817        918        818        920        382        433        437        440          1
       439        816        818        815        918        440        444        387        929          1
       440        818        817        815        918        441        439        438        928          1
       441        815        817        917        918        437        442        440       4575          1
       442        815        917        915        918       4576        443        441       4577          1
       443        815        915        916        918       4578        444        442        447          1
       444        815        916        816        918        388        439        443        446          1
       445        814        816        813        916        446        450        393        935          1
       446        816        815        813        916        447        445        444        934          1
       447        813        815        915        916        443        448        446       4579          1
       448        813        915        913        916       4580        449        447       4581          1
       449        813        913        914        916       4582        450        448        453          1
       450        813        914        814        916        394        445        449        452          1
       451        812        814        811        914        452        456        399        941          1
       452        814        813        811        914        453        451        450        940          1
       453        811        813        913        914        449        454        452       4583          1
       454        811        913        911        914       4584        455        453       4585          1
       455        811        911        912        914       4586        456        454        459          1
       456        811        912        812        914        400        451        455        458          1
       457        810        812        809        912        458        462        405        947          1
       458        812        811        809        912        459        457        456        946          1
       459        809        811        911        912        455        460        458       4587          1
       460        809        911        909        912       4588        461        459       4589          1
       461        809        909        910        912       4590        462        460        465          1
       462        809        910        810        912        406        457        461        464          1
       463        808        810        807        910        464        468        411        953          1
       464        810        809        807        910        465        463        462        952          1
       465        807        809        909        910        461        466        464       4591          1
       466        807        909        907        910       4592        467        465       4593          1
       467        807        907        908        910       4594        468        466        471          1
       468        807        908        808        910        412        463        467        470          1
       469        806        808        805        908        470        474        417        959          1
       470        808        807        805        908        471        469        468        958          1
       471        805        807        907        908        467        472        470       4595          1
       472        805        907        905        908       4596        473        471       4597          1
       473        805        905        906        908       4598        474        472        477          1
       474        805        906        806        908        418        469        473        476          1
       475        804        806        803        906        476        480        423        965          1
       476        806        805        803        906        477        475        474        964          1
       477        803        805        905        906        473        478        476       4599          1
       478        803        905        903        906       4600        479        477       4601          1
       479        803        903        904        906       4602        480        478        483          1
       480        803        904        804        906        424        475        479        482          1
       481        802        804        801        904        482        486        429        971          1
       482        804        803        801        904        483        481        480        970          1
       483        801        803        903        904        479        484        482       4603          1
       484        801        903        901        904       4604        485        483       4605          1
       485        801        901        902        904       4606        486        484       4607          1
       486        801        902        802        904        430        481        485       4608          1
       487        799        800        789        900        488        492       4609        977          1
       488        800        790        789        900        489        487       4610        976          1
       489        789        790        890        900       4611        490        488        541          1
       490        789        890        889        900          2        491        489        546          1
       491        789        889        899        900          1        492        490        495          1
       492        789        899        799        900       4612        487        491        494          1
       493        798        799        788        899        494        498       4613        983          1
       494        799        789        788        899        495        493        492        982          1
       495        788        789        889        899        491        496        494        547          1
       496        788        889        888        899          8        497        495        552          1
       497        788        888        898        899          7        498        496        501          1
       498        788        898        798        899       4614        493        497        500          1
       499        797        798        787        898        500        504       4615        989          1
       500        798        788        787        898        501        499        498        988          1
       501        787        788        888        898        497        502        500        553          1
       502        787        888        887        898         14        503        501        558          1
       503        787        887        897        898         13        504        502        507          1
       504        787        897        797        898       4616        499        503        506          1
       505        796        797        786        897        506        510       4617        995          1
       506        797        787        786        897        507        505        504        994          1
       507        786        787        887        897        503        508        506        559          1
       508        786        887        886        897         20        509        507        564          1
       509        786        886        896        897         19        510        508        513          1
       510        786        896        796        897       4618        505        509        512          1
       511        795        796        785        896        512        516       4619       1001          1
       512        796        786        785        896        513        511        510       1000          1
       513        785        786        886        896        509        514        512        565          1
       514        785        886        885        896         26        515        513        570          1
       515        785        885        895        896         25        516        514        519          1
       516        785        895        795        896       4620        511        515        518          1
       517        794        795        784        895        518        522       4621       1007          1
       518        795        785        784        895        519        517        516       1006          1
       519        784        785        885        895        515        520        518        571          1
       520        784        885        884        895         32        521        519        576          1
       521        784        884        894        895         31        522        520        525          1
       522        784        894        794        895       4622        517        521        524          1
       523        793        794        783        894        524        528       4623       1013          1
       524        794        784        783        894        525        523        522       1012          1
       525        783        784        884        894        521        526        524        577          1
       526        783        884        883        894         38        527        525        582          1
       527        783        883        893        894         37        528        526        531          1
       528        783        893        793        894       4624        523        527        530          1
       529        792        793        782        893        530        534       4625       1019          1
       530        793        783        782        893        531        529        528       1018          1
       531        782        783        883        893        527        532        530        583          1
       532        782        883        882        893         44        533        531        588          1
       533        782        882        892        893         43        534        532        537          1
       534        782        892        792        893       4626        529        533        536          1
       535        791        792        781        892        536        540       4627       1025          1
       536        792        782        781        892        537        535        534       1024          1
       537        781        782        882        892        533        538        536        589          1
       538        781        882        881        892         50        539        537        594          1
       539        781        881        891        892         49        540        538       4628          1
       540        781        891        791        892       4629        535        539       4630          1
       541        789        790        779        890        542        546        489       1031          1
       542        790        780        779        890        543        541       4631       1030          1
       543        779        780        880        890       4632        544        542        595          1
       544        779        880        879        890         56        545        543        600          1
       545        779        879        889        890         55        546        544        549          1
       546        779        889        789        890        490        541        545        548          1
       547        788        789        778        889        548        552        495       1037          1
       548        789        779        778        889        549        547        546       1036          1
       549        778        779        879        889        545        550        548        601          1
       550        778        879        878        889         62        551        549        606          1
       551        778        878        888        889         61        552        550        555          1
       552        778        888        788        889        496        547        551        554          1
       553        787        788        777        888        554        558        501       1043          1
       554        788        778        777        888        555        553        552       1042          1
       555        777        778        878        888        551        556        554        607          1
       556        777        878        877        888         68        557        555        612          1
       557        777        877        887        888         67        558        556        561          1
       558        777        887        787        888        502        553        557        560          1
       559        786        787        776        887        560        564        507       1049          1
       560        787        777        776        887        561        559        558       1048          1
       561        776        777        877        887        557        562        560        613          1
       562        776        877        876        887         74        563        561        618          1
       563        776        876        886        887         73        564        562        567          1
       564        776        886        786        887        508        559        563        566          1
       565        785        786        775        886        566        570        513       1055          1
       566        786        776        775        886        567        565        564       1054          1
       567        775        776        876        886        563        568        566        619          1
       568        775        876        875        886         80        569        567        624          1
       569        775        875        885        886         79        570        568        573          1
       570        775        885        785        886        514        565        569        572          1
       571        784        785        774        885        572        576        519       1061          1
       572        785        775        774        885        573        571        570       1060          1
       573        774        775        875        885        569        574        572        625          1
       574        774        875        874        885         86        575        573        630          1
       575        774        874        884        885         85        576        574        579          1
       576        774        884        784        885        520        571        575        578          1
       577        783        784        773        884        578        582        525       1067          1
       578        784        774        773        884        579        577        576       1066          1
       579        773        774        874        884        575        580        578        631          1
       580        773        874        873        884         92        581        579        636          1
       581        773        873        883        884         91        582        580        585          1
       582        773        883        783        884        526        577        581        584          1
       583        782        783        772        883        584        588        531       1073          1
       584        783        773        772        883        585        583        582       1072          1
       585        772        773        873        883        581        586        584        637          1
       586        772        873        872        883         98        587        585        642          1
       587        772        872        882        883         97        588        586        591          1
       588        772        882        782        883        532        583        587        590          1
       589        781        782        771        882        590        594        537       1079          1
       590        782        772        771        882        591        589        588       1078          1
       591        771        772        872        882        587        592        590        643          1
       592        771        872        871        882        104        593        591        648          1
       593        771        871        881        882        103        594        592       4633          1
       594        771        881        781        882        538        589        593       4634          1
       595        779        780        769        880        596        600        543       1085          1
       596        780        770        769        880        597        595       4635       1084          1
       597        769        770        870        880       4636        598        596        649          1
       598        769        870        869        880        110        599        597        654          1
       599        769        869        879        880        109        600        598        603          1
       600        769        879        779        880        544        595        599        602          1
       601        778        779        768        879        602        606        549       1091          1
       602        779        769        768        879        603        601        600       1090          1
       603        768        769        869        879        599        604        602        655          1
       604        768        869        868        879        116        605        603        660          1
       605        768        868        878        879        115        606        604        609          1
       606        768        878        778        879        550        601        605        608          1
       607        777        778        767        878        608        612        555       1097          1
       608        778        768        767        878        609        607        606       1096          1
       609        767        768        868        878        605        610        608        661          1
       610        767        868        867        878        122        611        609        666          1
       611        767        867        877        878        121        612        610        615          1
       612        767        877        777        878        556        607        611        614          1
       613        776        777        766        877        614        618        561       1103          1
       614        777        767        766        877        615        613        612       1102          1
       615        766        767        867        877        611        616        614        667          1
       616        766        867        866        877        128        617        615        672          1
       617        766        866        876        877        127        618        616        621          1
       618        766        876        776        877        562        613        617        620          1
       619        775        776        765        876        620        624        567       1109          1
       620        776        766        765        876        621        619        618       1108          1
       621        765        766        866        876        617        622        620        673          1
       622        765        866        865        876        134        623        621        678          1
       623        765        865        875        876        133        624        622        627          1
       624        765        875        775        876        568        619        623        626          1
       625        774        775        764        875        626        630        573       1115          1
       626        775        765        764        875        627        625        624       1114          1
       627        764        765        865        875        623        628        626        679          1
       628        764        865        864        875        140        629        627        684          1
       629        764        864        874        875        139        630        628        633          1
       630        764        874        774        875        574        625        629        632          1
       631        773        774        763        874        632        636        579       1121          1
       632        774        764        763        874        633        631        630       1120          1
       633        763        764        864        874        629        634        632        685          1
       634        763        864        863        874        146        635        633        690          1
       635        763        863        873        874        145        636        634        639          1
       636        763        873        773        874        580        631        635        638          1
       637        772        773        762        873        638        642        585       1127          1
       638        773        763        762        873        639        637        636       1126          1
       639        762        763        863        873        635        640        638        691          1
       640        762        863        862        873        152        641        639        696          1
       641        762        862        872        873        151        642        640        645          1
       642        762        872        772        873        586        637        641        644          1
       643        771        772        761        872        644        648        591       1133          1
       644        772        762        761        872        645        643        642       1132          1
       645        761        762        862        872        641        646        644        697          1
       646        761        862        861        872        158        647        645        702          1
       647        761        861        871        872        157        648        646       4637          1
       648        761        871        771        872        592        643        647       4638          1
       649        769        770        759        870        650        654        597       1139          1
       650        770        760        759        870        651        649       4639       1138          1
       651        759        760        860        870       4640        652        650        703          1
       652        759        860        859        870        164        653        651        708          1
       653        759        859        869        870        163        654        652        657          1
       654        759        869        769        870        598        649        653        656          1
       655        768        769        758        869        656        660        603       1145          1
       656        769        759        758        869        657        655        654       1144          1
       657        758        759        859        869        653        658        656        709          1
       658        758        859        858        869        170        659        657        714          1
       659        758        858        868        869        169        660        658        663          1
       660        758        868        768        869        604        655        659        662          1
       661        767        768        757        868        662        666        609       1151          1
       662        768        758        757        868        663        661        660       1150          1
       663        757        758        858        868        659        664        662        715          1
       664        757        858        857        868        176        665        663        720          1
       665        757        857        867        868        175        666        664        669          1
       666        757        867        767        868        610        661        665        668          1
       667        766        767        756        867        668        672        615       1157          1
       668        767        757        756        867        669        667        666       1156          1
       669        756        757        857        867        665        670        668        721          1
       670        756        857        856        867        182        671        669        726          1
       671        756        856        866        867        181        672        670        675          1
       672        756        866        766        867        616        667        671        674          1
       673        765        766        755        866        674        678        621       1163          1
       674        766        756        755        866        675        673        672       1162          1
       675        755        756        856        866        671        676        674        727          1
       676        755        856        855        866        188        677        675        732          1
       677        755        855        865        866        187        678        676        681          1
       678        755        865        765        866        622        673        677        680          1
       679        764        765        754        865        680        684        627       1169          1
       680        765        755        754        865        681        679        678       1168          1
       681        754        755        855        865        677        682        680        733          1
       682        754        855        854        865        194        683        681        738          1
       683        754        854        864        865        193        684        682        687          1
       684        754        864        764        865        628        679        683        686          1
       685        763        764        753        864        686        690        633       1175          1
       686        764        754        753        864        687        685        684       1174          1
       687        753        754        854        864        683        688        686        739          1
       688        753        854        853        864        200        689        687        744          1
       689        753        853        863        864        199        690        688        693          1
       690        753        863        763        864        634        685        689        692          1
       691        762        763        752        863        692        696        639       1181          1
       692        763        753        752        863        693        691        690       1180          1
       693        752        753        853        863        689        694        692        745          1
       694        752        853        852        863        206        695        693        750          1
       695        752        852        862        863        205        696        694        699          1
       696        752        862        762        863        640        691        695        698          1
       697        761        762        751        862        698        702        645       1187          1
       698        762        752        751        862        699        697        696       1186          1
       699        751        752        852        862        695        700        698        751          1
       700        751        852        851        862        212        701        699        756          1
       701        751        851        861        862        211        702        700       4641          1
       702        751        861        761        862        646        697        701       4642          1
       703        759        760        749        860        704        708        651       1193          1
       704        760        750        749        860        705        703       4643       1192          1
       705        749        750        850        860       4644        706        704        757          1
       706        749        850        849        860        218        707        705        762          1
       707        749        849        859        860        217        708        706        711          1
       708        749        859        759        860        652        703        707        710          1
       709        758        759        748        859        710        714        657       1199          1
       710        759        749        748        859        711        709        708       1198          1
       711        748        749        849        859        707        712        710        763          1
       712        748        849        848        859        224        713        711        768          1
       713        748        848        858        859        223        714        712        717          1
       714        748        858        758        859        658        709        713        716          1
       715        757        758        747        858        716        720        663       1205          1
       716        758        748        747        858        717        715        714       1204          1
       717        747        748        848        858        713        718        716        769          1
       718        747        848        847        858        230        719        717        774          1
       719        747        847        857        858        229        720        718        723          1
       720        747        857        757        858        664        715        719        722          1
       721        756        757        746        857        722        726        669       1211          1
       722        757        747        746        857        723        721        720       1210          1
       723        746        747        847        857        719        724        722        775          1
       724        746        847        846        857        236        725        723        780          1
       725        746        846        856        857        235        726        724        729          1
       726        746        856        756        857        670        721        725        728          1
       727        755        756        745        856        728        732        675       1217          1
       728        756        746        745        856        729        727        726       1216          1
       729        745        746        846        856        725        730        728        781          1
       730        745        846        845        856        242        731        729        786          1
       731        745        845        855        856        241        732        730        735          1
       732        745        855        755        856        676        727        731        734          1
       733        754        755        744        855        734        738        681       1223          1
       734        755        745        744        855        735        733        732       1222          1
       735        744        745        845        855        731        736        734        787          1
       736        744        845        844        855        248        737        735        792          1
       737        744        844        854        855        247        738        736        741          1
       738        744        854        754        855        682        733        737        740          1
       739        753        754        743        854        740        744        687       1229          1
       740        754        744        743        854        741        739        738       1228          1
       741        743        744        844        854        737        742        740        793          1
       742        743        844        843        854        254        743        741        798          1
       743        743        843        853        854        253        744        742        747          1
       744        743        853        753        854        688        739        743        746          1
       745        752        753        742        853        746        750        693       1235          1
       746        753        743        742        853        747        745        744       1234          1
       747        742        743        843        853        743        748        746        799          1
       748        742        843        842        853        260        749        747        804          1
       749        742        842        852        853        259        750        748        753          1
       750        742        852        752        853        694        745        749        752          1
       751        751        752        741        852        752        756        699       1241          1
       752        752        742        741        852        753        751        750       1240          1
       753        741        742        842        852        749        754        752        805          1
       754        741        842        841        852        266        755        753        810          1
       755        741        841        851        852        265        756        754       4645          1
       756        741        851        751        852        700        751        755       4646          1
       757        749        750        739        850        758        762        705       1247          1
       758        750        740        739        850        759        757       4647       1246          1
       759        739        740        840        850       4648        760        758        811          1
       760        739        840        839        850        272        761        759        816          1
       761        739        839        849        850        271        762        760        765          1
       762        739        849        749        850        706        757        761        764          1
       763        748        749        738        849        764        768        711       1253          1
       764        749        739        738        849        765        763        762       1252          1
       765        738        739        839        849        761        766        764        817          1
       766        738        839        838        849        278        767        765        822          1
       767        738        838        848        849        277        768        766        771          1
       768        738        848        748        849        712        763        767        770          1
       769        747        748        737        848        770        774        717       1259          1
       770        748        738        737        848        771        769        768       1258          1
       771        737        738        838        848        767        772        770        823          1
       772        737        838        837        848        284        773        771        828          1
       773        737        837        847        848        283        774        772        777          1
       774        737        847        747        848        718        769        773        776          1
       775        746        747        736        847        776        780        723       1265          1
       776        747        737        736        847        777        775        774       1264          1
       777        736        737        837        847        773        778        776        829          1
       778        736        837        836        847        290        779        777        834          1
       779        736        836        846        847        289        780        778        783          1
       780        736        846        746        847        724        775        779        782          1
       781        745        746        735        846        782        786        729       1271          1
       782        746        736        735        846        783        781        780       1270          1
       783        735        736        836        846        779        784        782        835          1
       784        735        836        835        846        296        785        783        840          1
       785        735        835        845        846        295        786        784        789          1
       786        735        845        745        846        730        781        785        788          1
       787        744        745        734        845        788        792        735       1277          1
       788        745        735        734        845        789        787        786       1276          1
       789        734        735        835        845        785        790        788        841          1
       790        734        835        834        845        302        791        789        846          1
       791        734        834        844        845        301        792        790        795          1
       792        734        844        744        845        736        787        791        794          1
       793        743        744        733        844        794        798        741       1283          1
       794        744        734        733        844        795        793        792       1282          1
       795        733        734        834        844        791        796        794        847          1
       796        733        834        833        844        308        797        795        852          1
       797        733        833        843        844        307        798        796        801          1
       798        733        843        743        844        742        793        797        800          1
       799        742        743        732        843        800        804        747       1289          1
       800        743        733        732        843        801        799        798       1288          1
       801        732        733        833        843        797        802        800        853          1
       802        732        833        832        843        314        803        801        858          1
       803        732        832        842        843        313        804        802        807          1
       804        732        842        742        843        748        799        803        806          1
       805        741        742        731        842        806        810        753       1295          1
       806        742        732        731        842        807        805        804       1294          1
       807        731        732        832        842        803        808        806        859          1
       808        731        832        831        842        320        809        807        864          1
       809        731        831        841        842        319        810        808       4649          1
       810        731        841        741        842        754        805        809       4650          1
       811        739        740        729        840        812        816        759       1301          1
       812        740        730        729        840        813        811       4651       1300          1
       813        729        730        830        840       4652        814        812        865          1
       814        729        830        829        840        326        815        813        870          1
       815        729        829        839        840        325        816        814        819          1
       816        729        839        739        840        760        811        815        818          1
       817        738        739        728        839        818        822        765       1307          1
       818        739        729        728        839        819        817        816       1306          1
       819        728        729        829        839        815        820        818        871          1
       820        728        829        828        839        332        821        819        876          1
       821        728        828        838        839        331        822        820        825          1
       822        728        838        738        839        766        817        821        824          1
       823        737        738        727        838        824        828        771       1313          1
       824        738        728        727        838        825        823        822       1312          1
       825        727        728        828        838        821        826        824        877          1
       826        727        828        827        838        338        827        825        882          1
       827        727        827        837        838        337        828        826        831          1
       828        727        837        737        838        772        823        827        830          1
       829        736        737        726        837        830        834        777       1319          1
       830        737        727        726        837        831        829        828       1318          1
       831        726        727        827        837        827        832        830        883          1
       832        726        827        826        837        344        833        831        888          1
       833        726        826        836        837        343        834        832        837          1
       834        726        836        736        837        778        829        833        836          1
       835        735        736        725        836        836        840        783       1325          1
       836        736        726        725        836        837        835        834       1324          1
       837        725        726        826        836        833        838        836        889          1
       838        725        826        825        836        350        839        837        894          1
       839        725        825        835        836        349        840        838        843          1
       840        725        835        735        836        784        835        839        842          1
       841        734        735        724        835        842        846        789       1331          1
       842        735        725        724        835        843        841        840       1330          1
       843        724        725        825        835        839        844        842        895          1
       844        724        825        824        835        356        845        843        900          1
       845        724        824        834        835        355        846        844        849          1
       846        724        834        734        835        790        841        845        848          1
       847        733        734        723        834        848        852        795       1337          1
       848        734        724        723        834        849        847        846       1336          1
       849        723        724        824        834        845        850        848        901          1
       850        723        824        823        834        362        851        849        906          1
       851        723        823        833        834        361        852        850        855          1
       852        723        833        733        834        796        847        851        854          1
       853        732        733        722        833        854        858        801       1343          1
       854        733        723        722        833        855        853        852       1342          1
       855        722        723        823        833        851        856        854        907          1
       856        722        823        822        833        368        857        855        912          1
       857        722        822        832        833        367        858        856        861          1
       858        722        832        732        833        802        853        857        860          1
       859        731        732        721        832        860        864        807       1349          1
       860        732        722        721        832        861        859        858       1348          1
       861        721        722        822        832        857        862        860        913          1
       862        721        822        821        832        374        863        861        918          1
       863        721        821        831        832        373        864        862       4653          1
       864        721        831        731        832        808        859        863       4654          1
       865        729        730        718        830        866        870        813       1355          1
       866        730        720        718        830        867        865       4655       1354          1
       867        718        720        820        830       4656        868        866        919          1
       868        718        820        818        830        380        869        867        924          1
       869        718        818        829        830        379        870        868        873          1
       870        718        829        729        830        814        865        869        872          1
       871        728        729        716        829        872        876        819       1361          1
       872        729        718        716        829        873        871        870       1360          1
       873        716        718        818        829        869        874        872        925          1
       874        716        818        816        829        386        875        873        930          1
       875        716        816        828        829        385        876        874        879          1
       876        716        828        728        829        820        871        875        878          1
       877        727        728        714        828        878        882        825       1367          1
       878        728        716        714        828        879        877        876       1366          1
       879        714        716        816        828        875        880        878        931          1
       880        714        816        814        828        392        881        879        936          1
       881        714        814        827        828        391        882        880        885          1
       882        714        827        727        828        826        877        881        884          1
       883        726        727        712        827        884        888        831       1373          1
       884        727        714        712        827        885        883        882       1372          1
       885        712        714        814        827        881        886        884        937          1
       886        712        814        812        827        398        887        885        942          1
       887        712        812        826        827        397        888        886        891          1
       888        712        826        726        827        832        883        887        890          1
       889        725        726        710        826        890        894        837       1379          1
       890        726        712        710        826        891        889        888       1378          1
       891        710        712        812        826        887        892        890        943          1
       892        710        812        810        826        404        893        891        948          1
       893        710        810        825        826        403        894        892        897          1
       894        710        825        725        826        838        889        893        896          1
       895        724        725        708        825        896        900        843       1385          1
       896        725        710        708        825        897        895        894       1384          1
       897        708        710        810        825        893        898        896        949          1
       898        708        810        808        825        410        899        897        954          1
       899        708        808        824        825        409        900        898        903          1
       900        708        824        724        825        844        895        899        902          1
       901        723        724        706        824        902        906        849       1391          1
       902        724        708        706        824        903        901        900       1390          1
       903        706        708        808        824        899        904        902        955          1
       904        706        808        806        824        416        905        903        960          1
       905        706        806        823        824        415        906        904        909          1
       906        706        823        723        824        850        901        905        908          1
       907        722        723        704        823        908        912        855       1397          1
       908        723        706        704        823        909        907        906       1396          1
       909        704        706        806        823        905        910        908        961          1
       910        704        806        804        823        422        911        909        966          1
       911        704        804        822        823        421        912        910        915          1
       912        704        822        722        823        856        907        911        914          1
       913        721        722        702        822        914        918        861       1403          1
       914        722        704        702        822        915        913        912       1402          1
       915        702        704        804        822        911        916        914        967          1
       916        702        804        802        822        428        917        915        972          1
       917        702        802        821        822        427        918        916       4657          1
       918        702        821        721        822        862        913        917       4658          1
       919        718        720        717        820        920        924        867       1409          1
       920        720        719        717        820        921        919       4659       1408          1
       921        717        719        819        820       4660        922        920       4661          1
       922        717        819        817        820        434        923        921       4662          1
       923        717        817        818        820        433        924        922        927          1
       924        717        818        718        820        868        919        923        926          1
       925        716        718        715        818        926        930        873       1415          1
       926        718        717        715        818        927        925        924       1414          1
       927        715        717        817        818        923        928        926       4663          1
       928        715        817        815        818        440        929        927       4664          1
       929        715        815        816        818        439        930        928        933          1
       930        715        816        716        818        874        925        929        932          1
       931        714        716        713        816        932        936        879       1421          1
       932        716        715        713        816        933        931        930       1420          1
       933        713        715        815        816        929        934        932       4665          1
       934        713        815        813        816        446        935        933       4666          1
       935        713        813        814        816        445        936        934        939          1
       936        713        814        714        816        880        931        935        938          1
       937        712        714        711        814        938        942        885       1427          1
       938        714        713        711        814        939        937        936       1426          1
       939        711        713        813        814        935        940        938       4667          1
       940        711        813        811        814        452        941        939       4668          1
       941        711        811        812        814        451        942        940        945          1
       942        711        812        712        814        886        937        941        944          1
       943        710        712        709        812        944        948        891       1433          1
       944        712        711        709        812        945        943        942       1432          1
       945        709        711        811        812        941        946        944       4669          1
       946        709        811        809        812        458        947        945       4670          1
       947        709        809        810        812        457        948        946        951          1
       948        709        810        710        812        892        943        947        950          1
       949        708        710        707        810        950        954        897       1439          1
       950        710        709        707        810        951        949        948       1438          1
       951        707        709        809        810        947        952        950       4671          1
       952        707        809        807        810        464        953        951       4672          1
       953        707        807        808        810        463        954        952        957          1
       954        707        808        708        810        898        949        953        956          1
       955        706        708        705        808        956        960        903       1445          1
       956        708        707        705        808        957        955        954       1444          1
       957        705        707        807        808        953        958        956       4673          1
       958        705        807        805        808        470        959        957       4674          1
       959        705        805        806        808        469        960        958        963          1
       960        705        806        706        808        904        955        959        962          1
       961        704        706        703        806        962        966        909       1451          1
       962        706        705        703        806        963        961        960       1450          1
       963        703        705        805        806        959        964        962       4675          1
       964        703        805        803        806        476        965        963       4676          1
       965        703        803        804        806        475        966        964        969          1
       966        703        804        704        806        910        961        965        968          1
       967        702        704        701        804        968        972        915       1457          1
       968        704        703        701        804        969        967        966       1456          1
       969        701        703        803        804        965        970        968       4677          1
       970        701        803        801        804        482        971        969       4678          1
       971        701        801        802        804        481        972        970       4679          1
       972        701        802        702        804        916        967        971       4680          1
       973        699        700        689        800        974        978       4681       1463          1
       974        700        690        689        800        975        973       4682       1462          1
       975        689        690        790        800       4683        976        974       1027          1
       976        689        790        789        800        488        977        975       1032          1
       977        689        789        799        800        487        978        976        981          1
       978        689        799        699        800       4684        973        977        980          1
       979        698        699        688        799        980        984       4685       1469          1
       980        699        689        688        799        981        979        978       1468          1
       981        688        689        789        799        977        982        980       1033          1
       982        688        789        788        799        494        983        981       1038          1
       983        688        788        798        799        493        984        982        987          1
       984        688        798        698        799       4686        979        983        986          1
       985        697        698        687        798        986        990       4687       1475          1
       986        698        688        687        798        987        985        984       1474          1
       987        687        688        788        798        983        988        986       1039          1
       988        687        788        787        798        500        989        987       1044          1
       989        687        787        797        798        499        990        988        993          1
       990        687        797        697        798       4688        985        989        992          1
       991        696        697        686        797        992        996       4689       1481          1
       992        697        687        686        797        993        991        990       1480          1
       993        686        687        787        797        989        994        992       1045          1
       994        686        787        786        797        506        995        993       1050          1
       995        686        786        796        797        505        996        994        999          1
       996        686        796        696        797       4690        991        995        998          1
       997        695        696        685        796        998       1002       4691       1487          1
       998        696        686        685        796        999        997        996       1486          1
       999        685        686        786        796        995       1000        998       1051          1
      1000        685        786        785        796        512       1001        999       1056          1
      1001        685        785        795        796        511       1002       1000       1005          1
      1002        685        795        695        796       4692        997       1001       1004          1
      1003        694        695        684        795       1004       1008       4693       1493          1
      1004        695        685        684        795       1005       1003       1002       1492          1
      1005        684        685        785        795       1001       1006       1004       1057          1
      1006        684        785        784        795        518       1007       1005       1062          1
      1007        684        784        794        795        517       1008       1006       1011          1
      1008        684        794        694        795       4694       1003       1007       1010          1
      1009        693        694        683        794       1010       1014       4695       1499          1
      1010        694        684        683        794       1011       1009       1008       1498          1
      1011        683        684        784        794       1007       1012       1010       1063          1
      1012        683        784        783        794        524       1013       1011       1068          1
      1013        683        783        793        794        523       1014       1012       1017          1
      1014        683        793        693        794       4696       1009       1013       1016          1
      1015        692        693        682        793       1016       1020       4697       1505          1
      1016        693        683        682        793       1017       1015       1014       1504          1
      1017        682        683        783        793       1013       1018       1016       1069          1
      1018        682        783        782        793        530       1019       1017       1074          1
      1019        682        782        792        793        529       1020       1018       1023          1
      1020        682        792        692        793       4698       1015       1019       1022          1
      1021        691        692        681        792       1022       1026       4699       1511          1
      1022        692        682        681        792       1023       1021       1020       1510          1
      1023        681        682        782        792       1019       1024       1022       1075          1
      1024        681        782        781        792        536       1025       1023       1080          1
      1025        681        781        791        792        535       1026       1024       4700          1
      1026        681        791        691        792       4701       1021       1025       4702          1
      1027        689        690        679        790       1028       1032        975       1517          1
      1028        690        680        679        790       1029       1027       4703       1516          1
      1029        679        680        780        790       4704       1030       1028       1081          1
      1030        679        780        779        790        542       1031       1029       1086          1
      1031        679        779        789        790        541       1032       1030       1035          1
      1032        679        789        689        790        976       1027       1031       1034          1
      1033        688        689        678        789       1034       1038        981       1523          1
      1034        689        679        678        789       1035       1033       1032       1522          1
      1035        678        679        779        789       1031       1036       1034       1087          1
      1036        678        779        778        789        548       1037       1035       1092          1
      1037        678        778        788        789        547       1038       1036       1041          1
      1038        678        788        688        789        982       1033       1037       1040          1
      1039        687        688        677        788       1040       1044        987       1529          1
      1040        688        678        677        788       1041       1039       1038       1528          1
      1041        677        678        778        788       1037       1042       1040       1093          1
      1042        677        778        777        788        554       1043       1041       1098          1
      1043        677        777        787        788        553       1044       1042       1047          1
      1044        677        787        687        788        988       1039       1043       1046          1
      1045        686        687        676        787       1046       1050        993       1535          1
      1046        687        677        676        787       1047       1045       1044       1534          1
      1047        676        677        777        787       1043       1048       1046       1099          1
      1048        676        777        776        787        560       1049       1047       1104          1
      1049        676        776        786        787        559       1050       1048       1053          1
      1050        676        786        686        787        994       1045       1049       1052          1
      1051        685        686        675        786       1052       1056        999       1541          1
      1052        686        676        675        786       1053       1051       1050       1540          1
      1053        675        676        776        786       1049       1054       1052       1105          1
      1054        675        776        775        786        566       1055       1053       1110          1
      1055        675        775        785        786        565       1056       1054       1059          1
      1056        675        785        685        786       1000       1051       1055       1058          1
      1057        684        685        674        785       1058       1062       1005       1547          1
      1058        685        675        674        785       1059       1057       1056       1546          1
      1059        674        675        775        785       1055       1060       1058       1111          1
      1060        674        775        774        785        572       1061       1059       1116          1
      1061        674        774        784        785        571       1062       1060       1065          1
      1062        674        784        684        785       1006       1057       1061       1064          1
      1063        683        684        673        784       1064       1068       1011       1553          1
      1064        684        674        673        784       1065       1063       1062       1552          1
      1065        673        674        774        784       1061       1066       1064       1117          1
      1066        673        774        773        784        578       1067       1065       1122          1
      1067        673        773        783        784        577       1068       1066       1071          1
      1068        673        783        683        784       1012       1063       1067       1070          1
      1069        682        683        672        783       1070       1074       1017       1559          1
      1070        683        673        672        783       1071       1069       1068       1558          1
      1071        672        673        773        783       1067       1072       1070       1123          1
      1072        672        773        772        783        584       1073       1071       1128          1
      1073        672        772        782        783        583       1074       1072       1077          1
      1074        672        782        682        783       1018       1069       1073       1076          1
      1075        681        682        671        782       1076       1080       1023       1565          1
      1076        682        672        671        782       1077       1075       1074       1564          1
      1077        671        672        772        782       1073       1078       1076       1129          1
      1078        671        772        771        782        590       1079       1077       1134          1
      1079        671        771        781        782        589       1080       1078       4705          1
      1080        671        781        681        782       1024       1075       1079       4706          1
      1081        679        680        669        780       1082       1086       1029       1571          1
      1082        680        670        669        780       1083       1081       4707       1570          1
      1083        669        670        770        780       4708       1084       1082       1135          1
      1084        669        770        769        780        596       1085       1083       1140          1
      1085        669        769        779        780        595       1086       1084       1089          1
      1086        669        779        679        780       1030       1081       1085       1088          1
      1087        678        679        668        779       1088       1092       1035       1577          1
      1088        679        669        668        779       1089       1087       1086       1576          1
      1089        668        669        769        779       1085       1090       1088       1141          1
      1090        668        769        768        779        602       1091       1089       1146          1
      1091        668        768        778        779        601       1092       1090       1095          1
      1092        668        778        678        779       1036       1087       1091       1094          1
      1093        677        678        667        778       1094       1098       1041       1583          1
      1094        678        668        667        778       1095       1093       1092       1582          1
      1095        667        668        768        778       1091       1096       1094       1147          1
      1096        667        768        767        778        608       1097       1095       1152          1
      1097        667        767        777        778        607       1098       1096       1101          1
      1098        667        777        677        778       1042       1093       1097       1100          1
      1099        676        677        666        777       1100       1104       1047       1589          1
      1100        677        667        666        777       1101       1099       1098       1588          1
      1101        666        667        767        777       1097       1102       1100       1153          1
      1102        666        767        766        777        614       1103       1101       1158          1
      1103        666        766        776        777        613       1104       1102       1107          1
      1104        666        776        676        777       1048       1099       1103       1106          1
      1105        675        676        665        776       1106       1110       1053       1595          1
      1106        676        666        665        776       1107       1105       1104       1594          1
      1107        665        666        766        776       1103       1108       1106       1159          1
      1108        665        766        765        776        620       1109       1107       1164          1
      1109        665        765        775        776        619       1110       1108       1113          1
      1110        665        775        675        776       1054       1105       1109       1112          1
      1111        674        675        664        775       1112       1116       1059       1601          1
      1112        675        665        664        775       1113       1111       1110       1600          1
      1113        664        665        765        775       1109       1114       1112       1165          1
      1114        664        765        764        775        626       1115       1113       1170          1
      1115        664        764        774        775        625       1116       1114       1119          1
      1116        664        774        674        775       1060       1111       1115       1118          1
      1117        673        674        663        774       1118       1122       1065       1607          1
      1118        674        664        663        774       1119       1117       1116       1606          1
      1119        663        664        764        774       1115       1120       1118       1171          1
      1120        663        764        763        774        632       1121       1119       1176          1
      1121        663        763        773        774        631       1122       1120       1125          1
      1122        663        773        673        774       1066       1117       1121       1124          1
      1123        672        673        662        773       1124       1128       1071       1613          1
      1124        673        663        662        773       1125       1123       1122       1612          1
      1125        662        663        763        773       1121       1126       1124       1177          1
      1126        662        763        762        773        638       1127       1125       1182          1
      1127        662        762        772        773        637       1128       1126       1131          1
      1128        662        772        672        773       1072       1123       1127       1130          1
      1129        671        672        661        772       1130       1134       1077       1619          1
      1130        672        662        661        772       1131       1129       1128       1618          1
      1131        661        662        762        772       1127       1132       1130       1183          1
      1132        661        762        761        772        644       1133       1131       1188          1
      1133        661        761        771        772        643       1134       1132       4709          1
      1134        661        771        671        772       1078       1129       1133       4710          1
      1135        669        670        659        770       1136       1140       1083       1625          1
      1136        670        660        659        770       1137       1135       4711       1624          1
      1137        659        660        760        770       4712       1138       1136       1189          1
      1138        659        760        759        770        650       1139       1137       1194          1
      1139        659        759        769        770        649       1140       1138       1143          1
      1140        659        769        669        770       1084       1135       1139       1142          1
      1141        668        669        658        769       1142       1146       1089       1631          1
      1142        669        659        658        769       1143       1141       1140       1630          1
      1143        658        659        759        769       1139       1144       1142       1195          1
      1144        658        759        758        769        656       1145       1143       1200          1
      1145        658        758        768        769        655       1146       1144       1149          1
      1146        658        768        668        769       1090       1141       1145       1148          1
      1147        667        668        657        768       1148       1152       1095       1637          1
      1148        668        658        657        768       1149       1147       1146       1636          1
      1149        657        658        758        768       1145       1150       1148       1201          1
      1150        657        758        757        768        662       1151       1149       1206          1
      1151        657        757        767        768        661       1152       1150       1155          1
      1152        657        767        667        768       1096       1147       1151       1154          1
      1153        666        667        656        767       1154       1158       1101       1643          1
      1154        667        657        656        767       1155       1153       1152       1642          1
      1155        656        657        757        767       1151       1156       1154       1207          1
      1156        656        757        756        767        668       1157       1155       1212          1
      1157        656        756        766        767        667       1158       1156       1161          1
      1158        656        766        666        767       1102       1153       1157       1160          1
      1159        665        666        655        766       1160       1164       1107       1649          1
      1160        666        656        655        766       1161       1159       1158       1648          1
      1161        655        656        756        766       1157       1162       1160       1213          1
      1162        655        756        755        766        674       1163       1161       1218          1
      1163        655        755        765        766        673       1164       1162       1167          1
      1164        655        765        665        766       1108       1159       1163       1166          1
      1165        664        665        654        765       1166       1170       1113       1655          1
      1166        665        655        654        765       1167       1165       1164       1654          1
      1167        654        655        755        765       1163       1168       1166       1219          1
      1168        654        755        754        765        680       1169       1167       1224          1
      1169        654        754        764        765        679       1170       1168       1173          1
      1170        654        764        664        765       1114       1165       1169       1172          1
      1171        663        664        653        764       1172       1176       1119       1661          1
      1172        664        654        653        764       1173       1171       1170       1660          1
      1173        653        654        754        764       1169       1174       1172       1225          1
      1174        653        754        753        764        686       1175       1173       1230          1
      1175        653        753        763        764        685       1176       1174       1179          1
      1176        653        763        663        764       1120       1171       1175       1178          1
      1177        662        663        652        763       1178       1182       1125       1667          1
      1178        663        653        652        763       1179       1177       1176       1666          1
      1179        652        653        753        763       1175       1180       1178       1231          1
      1180        652        753        752        763        692       1181       1179       1236          1
      1181        652        752        762        763        691       1182       1180       1185          1
      1182        652        762        662        763       1126       1177       1181       1184          1
      1183        661        662        651        762       1184       1188       1131       1673          1
      1184        662        652        651        762       1185       1183       1182       1672          1
      1185        651        652        752        762       1181       1186       1184       1237          1
      1186        651        752        751        762        698       1187       1185       1242          1
      1187        651        751        761        762        697       1188       1186       4713          1
      1188        651        761        661        762       1132       1183       1187       4714          1
      1189        659        660        649        760       1190       1194       1137       1679          1
      1190        660        650        649        760       1191       1189       4715       1678          1
      1191        649        650        750        760       4716       1192       1190       1243          1
      1192        649        750        749        760        704       1193       1191       1248          1
      1193        649        749        759        760        703       1194       1192       1197          1
      1194        649        759        659        760       1138       1189       1193       1196          1
      1195        658        659        648        759       1196       1200       1143       1685          1
      1196        659        649        648        759       1197       1195       1194       1684          1
      1197        648        649        749        759       1193       1198       1196       1249          1
      1198        648        749        748        759        710       1199       1197       1254          1
      1199        648        748        758        759        709       1200       1198       1203          1
      1200        648        758        658        759       1144       1195       1199       1202          1
      1201        657        658        647        758       1202       1206       1149       1691          1
      1202        658        648        647        758       1203       1201       1200       1690          1
      1203        647        648        748        758       1199       1204       1202       1255          1
      1204        647        748        747        758        716       1205       1203       1260          1
      1205        647        747        757        758        715       1206       1204       1209          1
      1206        647        757        657        758       1150       1201       1205       1208          1
      1207        656        657        646        757       1208       1212       1155       1697          1
      1208        657        647        646        757       1209       1207       1206       1696          1
      1209        646        647        747        757       1205       1210       1208       1261          1
      1210        646        747        746        757        722       1211       1209       1266          1
      1211        646        746        756        757        721       1212       1210       1215          1
      1212        646        756        656        757       1156       1207       1211       1214          1
      1213        655        656        645        756       1214       1218       1161       1703          1
      1214        656        646        645        756       1215       1213       1212       1702          1
      1215        645        646        746        756       1211       1216       1214       1267          1
      1216        645        746        745        756        728       1217       1215       1272          1
      1217        645        745        755        756        727       1218       1216       1221          1
      1218        645        755        655        756       1162       1213       1217       1220          1
      1219        654        655        644        755       1220       1224       1167       1709          1
      1220        655        645        644        755       1221       1219       1218       1708          1
      1221        644        645        745        755       1217       1222       1220       1273          1
      1222        644        745        744        755        734       1223       1221       1278          1
      1223        644        744        754        755        733       1224       1222       1227          1
      1224        644        754        654        755       1168       1219       1223       1226          1
      1225        653        654        643        754       1226       1230       1173       1715          1
      1226        654        644        643        754       1227       1225       1224       1714          1
      1227        643        644        744        754       1223       1228       1226       1279          1
      1228        643        744        743        754        740       1229       1227       1284          1
      1229        643        743        753        754        739       1230       1228       1233          1
      1230        643        753        653        754       1174       1225       1229       1232          1
      1231        652        653        642        753       1232       1236       1179       1721          1
      1232        653        643        642        753       1233       1231       1230       1720          1
      1233        642        643        743        753       1229       1234       1232       1285          1
      1234        642        743        742        753        746       1235       1233       1290          1
      1235        642        742        752        753        745       1236       1234       1239          1
      1236        642        752        652        753       1180       1231       1235       1238          1
      1237        651        652        641        752       1238       1242       1185       1727          1
      1238        652        642        641        752       1239       1237       1236       1726          1
      1239        641        642        742        752       1235       1240       1238       1291          1
      1240        641        742        741        752        752       1241       1239       1296          1
      1241        641        741        751        752        751       1242       1240       4717          1
      1242        641        751        651        752       1186       1237       1241       4718          1
      1243        649        650        639        750       1244       1248       1191       1733          1
      1244        650        640        639        750       1245       1243       4719       1732          1
      1245        639        640        740        750       4720       1246       1244       1297          1
      1246        639        740        739        750        758       1247       1245       1302          1
      1247        639        739        749        750        757       1248       1246       1251          1
      1248        639        749        649        750       1192       1243       1247       1250          1
      1249        648        649        638        749       1250       1254       1197       1739          1
      1250        649        639        638        749       1251       1249       1248       1738          1
      1251        638        639        739        749       1247       1252       1250       1303          1
      1252        638        739        738        749        764       1253       1251       1308          1
      1253        638        738        748        749        763       1254       1252       1257          1
      1254        638        748        648        749       1198       1249       1253       1256          1
      1255        647        648        637        748       1256       1260       1203       1745          1
      1256        648        638        637        748       1257       1255       1254       1744          1
      1257        637        638        738        748       1253       1258       1256       1309          1
      1258        637        738        737        748        770       1259       1257       1314          1
      1259        637        737        747        748        769       1260       1258       1263          1
      1260        637        747        647        748       1204       1255       1259       1262          1
      1261        646        647        636        747       1262       1266       1209       1751          1
      1262        647        637        636        747       1263       1261       1260       1750          1
      1263        636        637        737        747       1259       1264       1262       1315          1
      1264        636        737        736        747        776       1265       1263       1320          1
      1265        636        736        746        747        775       1266       1264       1269          1
      1266        636        746        646        747       1210       1261       1265       1268          1
      1267        645        646        635        746       1268       1272       1215       1757          1
      1268        646        636        635        746       1269       1267       1266       1756          1
      1269        635        636        736        746       1265       1270       1268       1321          1
      1270        635        736        735        746        782       1271       1269       1326          1
      1271        635        735        745        746        781       1272       1270       1275          1
      1272        635        745        645        746       1216       1267       1271       1274          1
      1273        644        645        634        745       1274       1278       1221       1763          1
      1274        645        635        634        745       1275       1273       1272       1762          1
      1275        634        635        735        745       1271       1276       1274       1327          1
      1276        634        735        734        745        788       1277       1275       1332          1
      1277        634        734        744        745        787       1278       1276       1281          1
      1278        634        744        644        745       1222       1273       1277       1280          1
      1279        643        644        633        744       1280       1284       1227       1769          1
      1280        644        634        633        744       1281       1279       1278       1768          1
      1281        633        634        734        744       1277       1282       1280       1333          1
      1282        633        734        733        744        794       1283       1281       1338          1
      1283        633        733        743        744        793       1284       1282       1287          1
      1284        633        743        643        744       1228       1279       1283       1286          1
      1285        642        643        632        743       1286       1290       1233       1775          1
      1286        643        633        632        743       1287       1285       1284       1774          1
      1287        632        633        733        743       1283       1288       1286       1339          1
      1288        632        733        732        743        800       1289       1287       1344          1
      1289        632        732        742        743        799       1290       1288       1293          1
      1290        632        742        642        743       1234       1285       1289       1292          1
      1291        641        642        631        742       1292       1296       1239       1781          1
      1292        642        632        631        742       1293       1291       1290       1780          1
      1293        631        632        732        742       1289       1294       1292       1345          1
      1294        631        732        731        742        806       1295       1293       1350          1
      1295        631        731        741        742        805       1296       1294       4721          1
      1296        631        741        641        742       1240       1291       1295       4722          1
      1297        639        640        629        740       1298       1302       1245       1787          1
      1298        640        630        629        740       1299       1297       4723       1786          1
      1299        629        630        730        740       4724       1300       1298       1351          1
      1300        629        730        729        740        812       1301       1299       1356          1
      1301        629        729        739        740        811       1302       1300       1305          1
      1302        629        739        639        740       1246       1297       1301       1304          1
      1303        638        639        628        739       1304       1308       1251       1793          1
      1304        639        629        628        739       1305       1303       1302       1792          1
      1305        628        629        729        739       1301       1306       1304       1357          1
      1306        628        729        728        739        818       1307       1305       1362          1
      1307        628        728        738        739        817       1308       1306       1311          1
      1308        628        738        638        739       1252       1303       1307       1310          1
      1309        637        638        627        738       1310       1314       1257       1799          1
      1310        638        628        627        738       1311       1309       1308       1798          1
      1311        627        628        728        738       1307       1312       1310       1363          1
      1312        627        728        727        738        824       1313       1311       1368          1
      1313        627        727        737        738        823       1314       1312       1317          1
      1314        627        737        637        738       1258       1309       1313       1316          1
      1315        636        637        626        737       1316       1320       1263       1805          1
      1316        637        627        626        737       1317       1315       1314       1804          1
      1317        626        627        727        737       1313       1318       1316       1369          1
      1318        626        727        726        737        830       1319       1317       1374          1
      1319        626        726        736        737        829       1320       1318       1323          1
      1320        626        736        636        737       1264       1315       1319       1322          1
      1321        635        636        625        736       1322       1326       1269       1811          1
      1322        636        626        625        736       1323       1321       1320       1810          1
      1323        625        626        726        736       1319       1324       1322       1375          1
      1324        625        726        725        736        836       1325       1323       1380          1
      1325        625        725        735        736        835       1326       1324       1329          1
      1326        625        735        635        736       1270       1321       1325       1328          1
      1327        634        635        624        735       1328       1332       1275       1817          1
      1328        635        625        624        735       1329       1327       1326       1816          1
      1329        624        625        725        735       1325       1330       1328       1381          1
      1330        624        725        724        735        842       1331       1329       1386          1
      1331        624        724        734        735        841       1332       1330       1335          1
      1332        624        734        634        735       1276       1327       1331       1334          1
      1333        633        634        623        734       1334       1338       1281       1823          1
      1334        634        624        623        734       1335       1333       1332       1822          1
      1335        623        624        724        734       1331       1336       1334       1387          1
      1336        623        724        723        734        848       1337       1335       1392          1
      1337        623        723        733        734        847       1338       1336       1341          1
      1338        623        733        633        734       1282       1333       1337       1340          1
      1339        632        633        622        733       1340       1344       1287       1829          1
      1340        633        623        622        733       1341       1339       1338       1828          1
      1341        622        623        723        733       1337       1342       1340       1393          1
      1342        622        723        722        733        854       1343       1341       1398          1
      1343        622        722        732        733        853       1344       1342       1347          1
      1344        622        732        632        733       1288       1339       1343       1346          1
      1345        631        632        621        732       1346       1350       1293       1835          1
      1346        632        622        621        732       1347       1345       1344       1834          1
      1347        621        622        722        732       1343       1348       1346       1399          1
      1348        621        722        721        732        860       1349       1347       1404          1
      1349        621        721        731        732        859       1350       1348       4725          1
      1350        621        731        631        732       1294       1345       1349       4726          1
      1351        629        630        618        730       1352       1356       1299       1841          1
      1352        630        620        618        730       1353       1351       4727       1840          1
      1353        618        620        720        730       4728       1354       1352       1405          1
      1354        618        720        718        730        866       1355       1353       1410          1
      1355        618        718        729        730        865       1356       1354       1359          1
      1356        618        729        629        730       1300       1351       1355       1358          1
      1357        628        629        616        729       1358       1362       1305       1847          1
      1358        629        618        616        729       1359       1357       1356       1846          1
      1359        616        618        718        729       1355       1360       1358       1411          1
      1360        616        718        716        729        872       1361       1359       1416          1
      1361        616        716        728        729        871       1362       1360       1365          1
      1362        616        728        628        729       1306       1357       1361       1364          1
      1363        627        628        614        728       1364       1368       1311       1853          1
      1364        628        616        614        728       1365       1363       1362       1852          1
      1365        614        616        716        728       1361       1366       1364       1417          1
      1366        614        716        714        728        878       1367       1365       1422          1
      1367        614        714        727        728        877       1368       1366       1371          1
      1368        614        727        627        728       1312       1363       1367       1370          1
      1369        626        627        612        727       1370       1374       1317       1859          1
      1370        627        614        612        727       1371       1369       1368       1858          1
      1371        612        614        714        727       1367       1372       1370       1423          1
      1372        612        714        712        727        884       1373       1371       1428          1
      1373        612        712        726        727        883       1374       1372       1377          1
      1374        612        726        626        727       1318       1369       1373       1376          1
      1375        625        626        610        726       1376       1380       1323       1865          1
      1376        626        612        610        726       1377       1375       1374       1864          1
      1377        610        612        712        726       1373       1378       1376       1429          1
      1378        610        712        710        726        890       1379       1377       1434          1
      1379        610        710        725        726        889       1380       1378       1383          1
      1380        610        725        625        726       1324       1375       1379       1382          1
      1381        624        625        608        725       1382       1386       1329       1871          1
      1382        625        610        608        725       1383       1381       1380       1870          1
      1383        608        610        710        725       1379       1384       1382       1435          1
      1384        608        710        708        725        896       1385       1383       1440          1
      1385        608        708        724        725        895       1386       1384       1389          1
      1386        608        724        624        725       1330       1381       1385       1388          1
      1387        623        624        606        724       1388       1392       1335       1877          1
      1388        624        608        606        724       1389       1387       1386       1876          1
      1389        606        608        708        724       1385       1390       1388       1441          1
      1390        606        708        706        724        902       1391       1389       1446          1
      1391        606        706        723        724        901       1392       1390       1395          1
      1392        606        723        623        724       1336       1387       1391       1394          1
      1393        622        623        604        723       1394       1398       1341       1883          1
      1394        623        606        604        723       1395       1393       1392       1882          1
      1395        604        606        706        723       1391       1396       1394       1447          1
      1396        604        706        704        723        908       1397       1395       1452          1
      1397        604        704        722        723        907       1398       1396       1401          1
      1398        604        722        622        723       1342       1393       1397       1400          1
      1399        621        622        602        722       1400       1404       1347       1889          1
      1400        622        604        602        722       1401       1399       1398       1888          1
      1401        602        604        704        722       1397       1402       1400       1453          1
      1402        602        704        702        722        914       1403       1401       1458          1
      1403        602        702        721        722        913       1404       1402       4729          1
      1404        602        721        621        722       1348       1399       1403       4730          1
      1405        618        620        617        720       1406       1410       1353       1895          1
      1406        620        619        617        720       1407       1405       4731       1894          1
      1407        617        619        719        720       4732       1408       1406       4733          1
      1408        617        719        717        720        920       1409       1407       4734          1
      1409        617        717        718        720        919       1410       1408       1413          1
      1410        617        718        618        720       1354       1405       1409       1412          1
      1411        616        618        615        718       1412       1416       1359       1901          1
      1412        618        617        615        718       1413       1411       1410       1900          1
      1413        615        617        717        718       1409       1414       1412       4735          1
      1414        615        717        715        718        926       1415       1413       4736          1
      1415        615        715        716        718        925       1416       1414       1419          1
      1416        615        716        616        718       1360       1411       1415       1418          1
      1417        614        616        613        716       1418       1422       1365       1907          1
      1418        616        615        613        716       1419       1417       1416       1906          1
      1419        613        615        715        716       1415       1420       1418       4737          1
      1420        613        715        713        716        932       1421       1419       4738          1
      1421        613        713        714        716        931       1422       1420       1425          1
      1422        613        714        614        716       1366       1417       1421       1424          1
      1423        612        614        611        714       1424       1428       1371       1913          1
      1424        614        613        611        714       1425       1423       1422       1912          1
      1425        611        613        713        714       1421       1426       1424       4739          1
      1426        611        713        711        714        938       1427       1425       4740          1
      1427        611        711        712        714        937       1428       1426       1431          1
      1428        611        712        612        714       1372       1423       1427       1430          1
      1429        610        612        609        712       1430       1434       1377       1919          1
      1430        612        611        609        712       1431       1429       1428       1918          1
      1431        609        611        711        712       1427       1432       1430       4741          1
      1432        609        711        709        712        944       1433       1431       4742          1
      1433        609        709        710        712        943       1434       1432       1437          1
      1434        609        710        610        712       1378       1429       1433       1436          1
      1435        608        610        607        710       1436       1440       1383       1925          1
      1436        610        609        607        710       1437       1435       1434       1924          1
      1437        607        609        709        710       1433       1438       1436       4743          1
      1438        607        709        707        710        950       1439       1437       4744          1
      1439        607        707        708        710        949       1440       1438       1443          1
      1440        607        708        608        710       1384       1435       1439       1442          1
      1441        606        608        605        708       1442       1446       1389       1931          1
      1442        608        607        605        708       1443       1441       1440       1930          1
      1443        605        607        707        708       1439       1444       1442       4745          1
      1444        605        707        705        708        956       1445       1443       4746          1
      1445        605        705        706        708        955       1446       1444       1449          1
      1446        605        706        606        708       1390       1441       1445       1448          1
      1447        604        606        603        706       1448       1452       1395       1937          1
      1448        606        605        603        706       1449       1447       1446       1936          1
      1449        603        605        705        706       1445       1450       1448       4747          1
      1450        603        705        703        706        962       1451       1449       4748          1
      1451        603        703        704        706        961       1452       1450       1455          1
      1452        603        704        604        706       1396       1447       1451       1454          1
      1453        602        604        601        704       1454       1458       1401       1943          1
      1454        604        603        601        704       1455       1453       1452       1942          1
      1455        601        603        703        704       1451       1456       1454       4749          1
      1456        601        703        701        704        968       1457       1455       4750          1
      1457        601        701        702        704        967       1458       1456       4751          1
      1458        601        702        602        704       1402       1453       1457       4752          1
      1459        599        600        589        700       1460       1464       4753       1949          1
      1460        600        590        589        700       1461       1459       4754       1948          1
      1461        589        590        690        700       4755       1462       1460       1513          1
      1462        589        690        689        700        974       1463       1461       1518          1
      1463        589        689        699        700        973       1464       1462       1467          1
      1464        589        699        599        700       4756       1459       1463       1466          1
      1465        598        599        588        699       1466       1470       4757       1955          1
      1466        599        589        588        699       1467       1465       1464       1954          1
      1467        588        589        689        699       1463       1468       1466       1519          1
      1468        588        689        688        699        980       1469       1467       1524          1
      1469        588        688        698        699        979       1470       1468       1473          1
      1470        588        698        598        699       4758       1465       1469       1472          1
      1471        597        598        587        698       1472       1476       4759       1961          1
      1472        598        588        587        698       1473       1471       1470       1960          1
      1473        587        588        688        698       1469       1474       1472       1525          1
      1474        587        688        687        698        986       1475       1473       1530          1
      1475        587        687        697        698        985       1476       1474       1479          1
      1476        587        697        597        698       4760       1471       1475       1478          1
      1477        596        597        586        697       1478       1482       4761       1967          1
      1478        597        587        586        697       1479       1477       1476       1966          1
      1479        586        587        687        697       1475       1480       1478       1531          1
      1480        586        687        686        697        992       1481       1479       1536          1
      1481        586        686        696        697        991       1482       1480       1485          1
      1482        586        696        596        697       4762       1477       1481       1484          1
      1483        595        596        585        696       1484       1488       4763       1973          1
      1484        596        586        585        696       1485       1483       1482       1972          1
      1485        585        586        686        696       1481       1486       1484       1537          1
      1486        585        686        685        696        998       1487       1485       1542          1
      1487        585        685        695        696        997       1488       1486       1491          1
      1488        585        695        595        696       4764       1483       1487       1490          1
      1489        594        595        584        695       1490       1494       4765       1979          1
      1490        595        585        584        695       1491       1489       1488       1978          1
      1491        584        585        685        695       1487       1492       1490       1543          1
      1492        584        685        684        695       1004       1493       1491       1548          1
      1493        584        684        694        695       1003       1494       1492       1497          1
      1494        584        694        594        695       4766       1489       1493       1496          1
      1495        593        594        583        694       1496       1500       4767       1985          1
      1496        594        584        583        694       1497       1495       1494       1984          1
      1497        583        584        684        694       1493       1498       1496       1549          1
      1498        583        684        683        694       1010       1499       1497       1554          1
      1499        583        683        693        694       1009       1500       1498       1503          1
      1500        583        693        593        694       4768       1495       1499       1502          1
      1501        592        593        582        693       1502       1506       4769       1991          1
      1502        593        583        582        693       1503       1501       1500       1990          1
      1503        582        583        683        693       1499       1504       1502       1555          1
      1504        582        683        682        693       1016       1505       1503       1560          1
      1505        582        682        692        693       1015       1506       1504       1509          1
      1506        582        692        592        693       4770       1501       1505       1508          1
      1507        591        592        581        692       1508       1512       4771       1997          1
      1508        592        582        581        692       1509       1507       1506       1996          1
      1509        581        582        682        692       1505       1510       1508       1561          1
      1510        581        682        681        692       1022       1511       1509       1566          1
      1511        581        681        691        692       1021       1512       1510       4772          1
      1512        581        691        591        692       4773       1507       1511       4774          1
      1513        589        590        579        690       1514       1518       1461       2003          1
      1514        590        580        579        690       1515       1513       4775       2002          1
      1515        579        580        680        690       4776       1516       1514       1567          1
      1516        579        680        679        690       1028       1517       1515       1572          1
      1517        579        679        689        690       1027       1518       1516       1521          1
      1518        579        689        589        690       1462       1513       1517       1520          1
      1519        588        589        578        689       1520       1524       1467       2009          1
      1520        589        579        578        689       1521       1519       1518       2008          1
      1521        578        579        679        689       1517       1522       1520       1573          1
      1522        578        679        678        689       1034       1523       1521       1578          1
      1523        578        678        688        689       1033       1524       1522       1527          1
      1524        578        688        588        689       1468       1519       1523       1526          1
      1525        587        588        577        688       1526       1530       1473       2015          1
      1526        588        578        577        688       1527       1525       1524       2014          1
      1527        577        578        678        688       1523       1528       1526       1579          1
      1528        577        678        677        688       1040       1529       1527       1584          1
      1529        577        677        687        688       1039       1530       1528       1533          1
      1530        577        687        587        688       1474       1525       1529       1532          1
      1531        586        587        576        687       1532       1536       1479       2021          1
      1532        587        577        576        687       1533       1531       1530       2020          1
      1533        576        577        677        687       1529       1534       1532       1585          1
      1534        576        677        676        687       1046       1535       1533       1590          1
      1535        576        676        686        687       1045       1536       1534       1539          1
      1536        576        686        586        687       1480       1531       1535       1538          1
      1537        585        586        575        686       1538       1542       1485       2027          1
      1538        586        576        575        686       1539       1537       1536       2026          1
      1539        575        576        676        686       1535       1540       1538       1591          1
      1540        575        676        675        686       1052       1541       1539       1596          1
      1541        575        675        685        686       1051       1542       1540       1545          1
      1542        575        685        585        686       1486       1537       1541       1544          1
      1543        584        585        574        685       1544       1548       1491       2033          1
      1544        585        575        574        685       1545       1543       1542       2032          1
      1545        574        575        675        685       1541       1546       1544       1597          1
      1546        574        675        674        685       1058       1547       1545       1602          1
      1547        574        674        684        685       1057       1548       1546       1551          1
      1548        574        684        584        685       1492       1543       1547       1550          1
      1549        583        584        573        684       1550       1554       1497       2039          1
      1550        584        574        573        684       1551       1549       1548       2038          1
      1551        573        574        674        684       1547       1552       1550       1603          1
      1552        573        674        673        684       1064       1553       1551       1608          1
      1553        573        673        683        684       1063       1554       1552       1557          1
      1554        573        683        583        684       1498       1549       1553       1556          1
      1555        582        583        572        683       1556       1560       1503       2045          1
      1556        583        573        572        683       1557       1555       1554       2044          1
      1557        572        573        673        683       1553       1558       1556       1609          1
      1558        572        673        672        683       1070       1559       1557       1614          1
      1559        572        672        682        683       1069       1560       1558       1563          1
      1560        572        682        582        683       1504       1555       1559       1562          1
      1561        581        582        571        682       1562       1566       1509       2051          1
      1562        582        572        571        682       1563       1561       1560       2050          1
      1563        571        572        672        682       1559       1564       1562       1615          1
      1564        571        672        671        682       1076       1565       1563       1620          1
      1565        571        671        681        682       1075       1566       1564       4777          1
      1566        571        681        581        682       1510       1561       1565       4778          1
      1567        579        580        569        680       1568       1572       1515       2057          1
      1568        580        570        569        680       1569       1567       4779       2056          1
      1569        569        570        670        680       4780       1570       1568       1621          1
      1570        569        670        669        680       1082       1571       1569       1626          1
      1571        569        669        679        680       1081       1572       1570       1575          1
      1572        569        679        579        680       1516       1567       1571       1574          1
      1573        578        579        568        679       1574       1578       1521       2063          1
      1574        579        569        568        679       1575       1573       1572       2062          1
      1575        568        569        669        679       1571       1576       1574       1627          1
      1576        568        669        668        679       1088       1577       1575       1632          1
      1577        568        668        678        679       1087       1578       1576       1581          1
      1578        568        678        578        679       1522       1573       1577       1580          1
      1579        577        578        567        678       1580       1584       1527       2069          1
      1580        578        568        567        678       1581       1579       1578       2068          1
      1581        567        568        668        678       1577       1582       1580       1633          1
      1582        567        668        667        678       1094       1583       1581       1638          1
      1583        567        667        677        678       1093       1584       1582       1587          1
      1584        567        677        577        678       1528       1579       1583       1586          1
      1585        576        577        566        677       1586       1590       1533       2075          1
      1586        577        567        566        677       1587       1585       1584       2074          1
      1587        566        567        667        677       1583       1588       1586       1639          1
      1588        566        667        666        677       1100       1589       1587       1644          1
      1589        566        666        676        677       1099       1590       1588       1593          1
      1590        566        676        576        677       1534       1585       1589       1592          1
      1591        575        576        565        676       1592       1596       1539       2081          1
      1592        576        566        565        676       1593       1591       1590       2080          1
      1593        565        566        666        676       1589       1594       1592       1645          1
      1594        565        666        665        676       1106       1595       1593       1650          1
      1595        565        665        675        676       1105       1596       1594       1599          1
      1596        565        675        575        676       1540       1591       1595       1598          1
      1597        574        575        564        675       1598       1602       1545       2087          1
      1598        575        565        564        675       1599       1597       1596       2086          1
      1599        564        565        665        675       1595       1600       1598       1651          1
      1600        564        665        664        675       1112       1601       1599       1656          1
      1601        564        664        674        675       1111       1602       1600       1605          1
      1602        564        674        574        675       1546       1597       1601       1604          1
      1603        573        574        563        674       1604       1608       1551       2093          1
      1604        574        564        563        674       1605       1603       1602       2092          1
      1605        563        564        664        674       1601       1606       1604       1657          1
      1606        563        664        663        674       1118       1607       1605       1662          1
      1607        563        663        673        674       1117       1608       1606       1611          1
      1608        563        673        573        674       1552       1603       1607       1610          1
      1609        572        573        562        673       1610       1614       1557       2099          1
      1610        573        563        562        673       1611       1609       1608       2098          1
      1611        562        563        663        673       1607       1612       1610       1663          1
      1612        562        663        662        673       1124       1613       1611       1668          1
      1613        562        662        672        673       1123       1614       1612       1617          1
      1614        562        672        572        673       1558       1609       1613       1616          1
      1615        571        572        561        672       1616       1620       1563       2105          1
      1616        572        562        561        672       1617       1615       1614       2104          1
      1617        561        562        662        672       1613       1618       1616       1669          1
      1618        561        662        661        672       1130       1619       1617       1674          1
      1619        561        661        671        672       1129       1620       1618       4781          1
      1620        561        671        571        672       1564       1615       1619       4782          1
      1621        569        570        559        670       1622       1626       1569       2111          1
      1622        570        560        559        670       1623       1621       4783       2110          1
      1623        559        560        660        670       4784       1624       1622       1675          1
      1624        559        660        659        670       1136       1625       1623       1680          1
      1625        559        659        669        670       1135       1626       1624       1629          1
      1626        559        669        569        670       1570       1621       1625       1628          1
      1627        568        569        558        669       1628       1632       1575       2117          1
      1628        569        559        558        669       1629       1627       1626       2116          1
      1629        558        559        659        669       1625       1630       1628       1681          1
      1630        558        659        658        669       1142       1631       1629       1686          1
      1631        558        658        668        669       1141       1632       1630       1635          1
      1632        558        668        568        669       1576       1627       1631       1634          1
      1633        567        568        557        668       1634       1638       1581       2123          1
      1634        568        558        557        668       1635       1633       1632       2122          1
      1635        557        558        658        668       1631       1636       1634       1687          1
      1636        557        658        657        668       1148       1637       1635       1692          1
      1637        557        657        667        668       1147       1638       1636       1641          1
      1638        557        667        567        668       1582       1633       1637       1640          1
      1639        566        567        556        667       1640       1644       1587       2129          1
      1640        567        557        556        667       1641       1639       1638       2128          1
      1641        556        557        657        667       1637       1642       1640       1693          1
      1642        556        657        656        667       1154       1643       1641       1698          1
      1643        556        656        666        667       1153       1644       1642       1647          1
      1644        556        666        566        667       1588       1639       1643       1646          1
      1645        565        566        555        666       1646       1650       1593       2135          1
      1646        566        556        555        666       1647       1645       1644       2134          1
      1647        555        556        656        666       1643       1648       1646       1699          1
      1648        555        656        655        666       1160       1649       1647       1704          1
      1649        555        655        665        666       1159       1650       1648       1653          1
      1650        555        665        565        666       1594       1645       1649       1652          1
      1651        564        565        554        665       1652       1656       1599       2141          1
      1652        565        555        554        665       1653       1651       1650       2140          1
      1653        554        555        655        665       1649       1654       1652       1705          1
      1654        554        655        654        665       1166       1655       1653       1710          1
      1655        554        654        664        665       1165       1656       1654       1659          1
      1656        554        664        564        665       1600       1651       1655       1658          1
      1657        563        564        553        664       1658       1662       1605       2147          1
      1658        564        554        553        664       1659       1657       1656       2146          1
      1659        553        554        654        664       1655       1660       1658       1711          1
      1660        553        654        653        664       1172       1661       1659       1716          1
      1661        553        653        663        664       1171       1662       1660       1665          1
      1662        553        663        563        664       1606       1657       1661       1664          1
      1663        562        563        552        663       1664       1668       1611       2153          1
      1664        563        553        552        663       1665       1663       1662       2152          1
      1665        552        553        653        663       1661       1666       1664       1717          1
      1666        552        653        652        663       1178       1667       1665       1722          1
      1667        552        652        662        663       1177       1668       1666       1671          1
      1668        552        662        562        663       1612       1663       1667       1670          1
      1669        561        562        551        662       1670       1674       1617       2159          1
      1670        562        552        551        662       1671       1669       1668       2158          1
      1671        551        552        652        662       1667       1672       1670       1723          1
      1672        551        652        651        662       1184       1673       1671       1728          1
      1673        551        651        661        662       1183       1674       1672       4785          1
      1674        551        661        561        662       1618       1669       1673       4786          1
      1675        559        560        549        660       1676       1680       1623       2165          1
      1676        560        550        549        660       1677       1675       4787       2164          1
      1677        549        550        650        660       4788       1678       1676       1729          1
      1678        549        650        649        660       1190       1679       1677       1734          1
      1679        549        649        659        660       1189       1680       1678       1683          1
      1680        549        659        559        660       1624       1675       1679       1682          1
      1681        558        559        548        659       1682       1686       1629       2171          1
      1682        559        549        548        659       1683       1681       1680       2170          1
      1683        548        549        649        659       1679       1684       1682       1735          1
      1684        548        649        648        659       1196       1685       1683       1740          1
      1685        548        648        658        659       1195       1686       1684       1689          1
      1686        548        658        558        659       1630       1681       1685       1688          1
      1687        557        558        547        658       1688       1692       1635       2177          1
      1688        558        548        547        658       1689       1687       1686       2176          1
      1689        547        548        648        658       1685       1690       1688       1741          1
      1690        547        648        647        658       1202       1691       1689       1746          1
      1691        547        647        657        658       1201       1692       1690       1695          1
      1692        547        657        557        658       1636       1687       1691       1694          1
      1693        556        557        546        657       1694       1698       1641       2183          1
      1694        557        547        546        657       1695       1693       1692       2182          1
      1695        546        547        647        657       1691       1696       1694       1747          1
      1696        546        647        646        657       1208       1697       1695       1752          1
      1697        546        646        656        657       1207       1698       1696       1701          1
      1698        546        656        556        657       1642       1693       1697       1700          1
      1699        555        556        545        656       1700       1704       1647       2189          1
      1700        556        546        545        656       1701       1699       1698       2188          1
      1701        545        546        646        656       1697       1702       1700       1753          1
      1702        545        646        645        656       1214       1703       1701       1758          1
      1703        545        645        655        656       1213       1704       1702       1707          1
      1704        545        655        555        656       1648       1699       1703       1706          1
      1705        554        555        544        655       1706       1710       1653       2195          1
      1706        555        545        544        655       1707       1705       1704       2194          1
      1707        544        545        645        655       1703       1708       1706       1759          1
      1708        544        645        644        655       1220       1709       1707       1764          1
      1709        544        644        654        655       1219       1710       1708       1713          1
      1710        544        654        554        655       1654       1705       1709       1712          1
      1711        553        554        543        654       1712       1716       1659       2201          1
      1712        554        544        543        654       1713       1711       1710       2200          1
      1713        543        544        644        654       1709       1714       1712       1765          1
      1714        543        644        643        654       1226       1715       1713       1770          1
      1715        543        643        653        654       1225       1716       1714       1719          1
      1716        543        653        553        654       1660       1711       1715       1718          1
      1717        552        553        542        653       1718       1722       1665       2207          1
      1718        553        543        542        653       1719       1717       1716       2206          1
      1719        542        543        643        653       1715       1720       1718       1771          1
      1720        542        643        642        653       1232       1721       1719       1776          1
      1721        542        642        652        653       1231       1722       1720       1725          1
      1722        542        652        552        653       1666       1717       1721       1724          1
      1723        551        552        541        652       1724       1728       1671       2213          1
      1724        552        542        541        652       1725       1723       1722       2212          1
      1725        541        542        642        652       1721       1726       1724       1777          1
      1726        541        642        641        652       1238       1727       1725       1782          1
      1727        541        641        651        652       1237       1728       1726       4789          1
      1728        541        651        551        652       1672       1723       1727       4790          1
      1729        549        550        539        650       1730       1734       1677       2219          1
      1730        550        540        539        650       1731       1729       4791       2218          1
      1731        539        540        640        650       4792       1732       1730       1783          1
      1732        539        640        639        650       1244       1733       1731       1788          1
      1733        539        639        649        650       1243       1734       1732       1737          1
      1734        539        649        549        650       1678       1729       1733       1736          1
      1735        548        549        538        649       1736       1740       1683       2225          1
      1736        549        539        538        649       1737       1735       1734       2224          1
      1737        538        539        639        649       1733       1738       1736       1789          1
      1738        538        639        638        649       1250       1739       1737       1794          1
      1739        538        638        648        649       1249       1740       1738       1743          1
      1740        538        648        548        649       1684       1735       1739       1742          1
      1741        547        548        537        648       1742       1746       1689       2231          1
      1742        548        538        537        648       1743       1741       1740       2230          1
      1743        537        538        638        648       1739       1744       1742       1795          1
      1744        537        638        637        648       1256       1745       1743       1800          1
      1745        537        637        647        648       1255       1746       1744       1749          1
      1746        537        647        547        648       1690       1741       1745       1748          1
      1747        546        547        536        647       1748       1752       1695       2237          1
      1748        547        537        536        647       1749       1747       1746       2236          1
      1749        536        537        637        647       1745       1750       1748       1801          1
      1750        536        637        636        647       1262       1751       1749       1806          1
      1751        536        636        646        647       1261       1752       1750       1755          1
      1752        536        646        546        647       1696       1747       1751       1754          1
      1753        545        546        535        646       1754       1758       1701       2243          1
      1754        546        536        535        646       1755       1753       1752       2242          1
      1755        535        536        636        646       1751       1756       1754       1807          1
      1756        535        636        635        646       1268       1757       1755       1812          1
      1757        535        635        645        646       1267       1758       1756       1761          1
      1758        535        645        545        646       1702       1753       1757       1760          1
      1759        544        545        534        645       1760       1764       1707       2249          1
      1760        545        535        534        645       1761       1759       1758       2248          1
      1761        534        535        635        645       1757       1762       1760       1813          1
      1762        534        635        634        645       1274       1763       1761       1818          1
      1763        534        634        644        645       1273       1764       1762       1767          1
      1764        534        644        544        645       1708       1759       1763       1766          1
      1765        543        544        533        644       1766       1770       1713       2255          1
      1766        544        534        533        644       1767       1765       1764       2254          1
      1767        533        534        634        644       1763       1768       1766       1819          1
      1768        533        634        633        644       1280       1769       1767       1824          1
      1769        533        633        643        644       1279       1770       1768       1773          1
      1770        533        643        543        644       1714       1765       1769       1772          1
      1771        542        543        532        643       1772       1776       1719       2261          1
      1772        543        533        532        643       1773       1771       1770       2260          1
      1773        532        533        633        643       1769       1774       1772       1825          1
      1774        532        633        632        643       1286       1775       1773       1830          1
      1775        532        632        642        643       1285       1776       1774       1779          1
      1776        532        642        542        643       1720       1771       1775       1778          1
      1777        541        542        531        642       1778       1782       1725       2267          1
      1778        542        532        531        642       1779       1777       1776       2266          1
      1779        531        532        632        642       1775       1780       1778       1831          1
      1780        531        632        631        642       1292       1781       1779       1836          1
      1781        531        631        641        642       1291       1782       1780       4793          1
      1782        531        641        541        642       1726       1777       1781       4794          1
      1783        539        540        529        640       1784       1788       1731       2273          1
      1784        540        530        529        640       1785       1783       4795       2272          1
      1785        529        530        630        640       4796       1786       1784       1837          1
      1786        529        630        629        640       1298       1787       1785       1842          1
      1787        529        629        639        640       1297       1788       1786       1791          1
      1788        529        639        539        640       1732       1783       1787       1790          1
      1789        538        539        528        639       1790       1794       1737       2279          1
      1790        539        529        528        639       1791       1789       1788       2278          1
      1791        528        529        629        639       1787       1792       1790       1843          1
      1792        528        629        628        639       1304       1793       1791       1848          1
      1793        528        628        638        639       1303       1794       1792       1797          1
      1794        528        638        538        639       1738       1789       1793       1796          1
      1795        537        538        527        638       1796       1800       1743       2285          1
      1796        538        528        527        638       1797       1795       1794       2284          1
      1797        527        528        628        638       1793       1798       1796       1849          1
      1798        527        628        627        638       1310       1799       1797       1854          1
      1799        527        627        637        638       1309       1800       1798       1803          1
      1800        527        637        537        638       1744       1795       1799       1802          1
      1801        536        537        526        637       1802       1806       1749       2291          1
      1802        537        527        526        637       1803       1801       1800       2290          1
      1803        526        527        627        637       1799       1804       1802       1855          1
      1804        526        627        626        637       1316       1805       1803       1860          1
      1805        526        626        636        637       1315       1806       1804       1809          1
      1806        526        636        536        637       1750       1801       1805       1808          1
      1807        535        536        525        636       1808       1812       1755       2297          1
      1808        536        526        525        636       1809       1807       1806       2296          1
      1809        525        526        626        636       1805       1810       1808       1861          1
      1810        525        626        625        636       1322       1811       1809       1866          1
      1811        525        625        635        636       1321       1812       1810       1815          1
      1812        525        635        535        636       1756       1807       1811       1814          1
      1813        534        535        524        635       1814       1818       1761       2303          1
      1814        535        525        524        635       1815       1813       1812       2302          1
      1815        524        525        625        635       1811       1816       1814       1867          1
      1816        524        625        624        635       1328       1817       1815       1872          1
      1817        524        624        634        635       1327       1818       1816       1821          1
      1818        524        634        534        635       1762       1813       1817       1820          1
      1819        533        534        523        634       1820       1824       1767       2309          1
      1820        534        524        523        634       1821       1819       1818       2308          1
      1821        523        524        624        634       1817       1822       1820       1873          1
      1822        523        624        623        634       1334       1823       1821       1878          1
      1823        523        623        633        634       1333       1824       1822       1827          1
      1824        523        633        533        634       1768       1819       1823       1826          1
      1825        532        533        522        633       1826       1830       1773       2315          1
      1826        533        523        522        633       1827       1825       1824       2314          1
      1827        522        523        623        633       1823       1828       1826       1879          1
      1828        522        623        622        633       1340       1829       1827       1884          1
      1829        522        622        632        633       1339       1830       1828       1833          1
      1830        522        632        532        633       1774       1825       1829       1832          1
      1831        531        532        521        632       1832       1836       1779       2321          1
      1832        532        522        521        632       1833       1831       1830       2320          1
      1833        521        522        622        632       1829       1834       1832       1885          1
      1834        521        622        621        632       1346       1835       1833       1890          1
      1835        521        621        631        632       1345       1836       1834       4797          1
      1836        521        631        531        632       1780       1831       1835       4798          1
      1837        529        530        518        630       1838       1842       1785       2327          1
      1838        530        520        518        630       1839       1837       4799       2326          1
      1839        518        520        620        630       4800       1840       1838       1891          1
      1840        518        620        618        630       1352       1841       1839       1896          1
      1841        518        618        629        630       1351       1842       1840       1845          1
      1842        518        629        529        630       1786       1837       1841       1844          1
      1843        528        529        516        629       1844       1848       1791       2333          1
      1844        529        518        516        629       1845       1843       1842       2332          1
      1845        516        518        618        629       1841       1846       1844       1897          1
      1846        516        618        616        629       1358       1847       1845       1902          1
      1847        516        616        628        629       1357       1848       1846       1851          1
      1848        516        628        528        629       1792       1843       1847       1850          1
      1849        527        528        514        628       1850       1854       1797       2339          1
      1850        528        516        514        628       1851       1849       1848       2338          1
      1851        514        516        616        628       1847       1852       1850       1903          1
      1852        514        616        614        628       1364       1853       1851       1908          1
      1853        514        614        627        628       1363       1854       1852       1857          1
      1854        514        627        527        628       1798       1849       1853       1856          1
      1855        526        527        512        627       1856       1860       1803       2345          1
      1856        527        514        512        627       1857       1855       1854       2344          1
      1857        512        514        614        627       1853       1858       1856       1909          1
      1858        512        614        612        627       1370       1859       1857       1914          1
      1859        512        612        626        627       1369       1860       1858       1863          1
      1860        512        626        526        627       1804       1855       1859       1862          1
      1861        525        526        510        626       1862       1866       1809       2351          1
      1862        526        512        510        626       1863       1861       1860       2350          1
      1863        510        512        612        626       1859       1864       1862       1915          1
      1864        510        612        610        626       1376       1865       1863       1920          1
      1865        510        610        625        626       1375       1866       1864       1869          1
      1866        510        625        525        626       1810       1861       1865       1868          1
      1867        524        525        508        625       1868       1872       1815       2357          1
      1868        525        510        508        625       1869       1867       1866       2356          1
      1869        508        510        610        625       1865       1870       1868       1921          1
      1870        508        610        608        625       1382       1871       1869       1926          1
      1871        508        608        624        625       1381       1872       1870       1875          1
      1872        508        624        524        625       1816       1867       1871       1874          1
      1873        523        524        506        624       1874       1878       1821       2363          1
      1874        524        508        506        624       1875       1873       1872       2362          1
      1875        506        508        608        624       1871       1876       1874       1927          1
      1876        506        608        606        624       1388       1877       1875       1932          1
      1877        506        606        623        624       1387       1878       1876       1881          1
      1878        506        623        523        624       1822       1873       1877       1880          1
      1879        522        523        504        623       1880       1884       1827       2369          1
      1880        523        506        504        623       1881       1879       1878       2368          1
      1881        504        506        606        623       1877       1882       1880       1933          1
      1882        504        606        604        623       1394       1883       1881       1938          1
      1883        504        604        622        623       1393       1884       1882       1887          1
      1884        504        622        522        623       1828       1879       1883       1886          1
      1885        521        522        502        622       1886       1890       1833       2375          1
      1886        522        504        502        622       1887       1885       1884       2374          1
      1887        502        504        604        622       1883       1888       1886       1939          1
      1888        502        604        602        622       1400       1889       1887       1944          1
      1889        502        602        621        622       1399       1890       1888       4801          1
      1890        502        621        521        622       1834       1885       1889       4802          1
      1891        518        520        517        620       1892       1896       1839       2381          1
      1892        520        519        517        620       1893       1891       4803       2380          1
      1893        517        519        619        620       4804       1894       1892       4805          1
      1894        517        619        617        620       1406       1895       1893       4806          1
      1895        517        617        618        620       1405       1896       1894       1899          1
      1896        517        618        518        620       1840       1891       1895       1898          1
      1897        516        518        515        618       1898       1902       1845       2387          1
      1898        518        517        515        618       1899       1897       1896       2386          1
      1899        515        517        617        618       1895       1900       1898       4807          1
      1900        515        617        615        618       1412       1901       1899       4808          1
      1901        515        615        616        618       1411       1902       1900       1905          1
      1902        515        616        516        618       1846       1897       1901       1904          1
      1903        514        516        513        616       1904       1908       1851       2393          1
      1904        516        515        513        616       1905       1903       1902       2392          1
      1905        513        515        615        616       1901       1906       1904       4809          1
      1906        513        615        613        616       1418       1907       1905       4810          1
      1907        513        613        614        616       1417       1908       1906       1911          1
      1908        513        614        514        616       1852       1903       1907       1910          1
      1909        512        514        511        614       1910       1914       1857       2399          1
      1910        514        513        511        614       1911       1909       1908       2398          1
      1911        511        513        613        614       1907       1912       1910       4811          1
      1912        511        613        611        614       1424       1913       1911       4812          1
      1913        511        611        612        614       1423       1914       1912       1917          1
      1914        511        612        512        614       1858       1909       1913       1916          1
      1915        510        512        509        612       1916       1920       1863       2405          1
      1916        512        511        509        612       1917       1915       1914       2404          1
      1917        509        511        611        612       1913       1918       1916       4813          1
      1918        509        611        609        612       1430       1919       1917       4814          1
      1919        509        609        610        612       1429       1920       1918       1923          1
      1920        509        610        510        612       1864       1915       1919       1922          1
      1921        508        510        507        610       1922       1926       1869       2411          1
      1922        510        509        507        610       1923       1921       1920       2410          1
      1923        507        509        609        610       1919       1924       1922       4815          1
      1924        507        609        607        610       1436       1925       1923       4816          1
      1925        507        607        608        610       1435       1926       1924       1929          1
      1926        507        608        508        610       1870       1921       1925       1928          1
      1927        506        508        505        608       1928       1932       1875       2417          1
      1928        508        507        505        608       1929       1927       1926       2416          1
      1929        505        507        607        608       1925       1930       1928       4817          1
      1930        505        607        605        608       1442       1931       1929       4818          1
      1931        505        605        606        608       1441       1932       1930       1935          1
      1932        505        606        506        608       1876       1927       1931       1934          1
      1933        504        506        503        606       1934       1938       1881       2423          1
      1934        506        505        503        606       1935       1933       1932       2422          1
      1935        503        505        605        606       1931       1936       1934       4819          1
      1936        503        605        603        606       1448       1937       1935       4820          1
      1937        503        603        604        606       1447       1938       1936       1941          1
      1938        503        604        504        606       1882       1933       1937       1940          1
      1939        502        504        501        604       1940       1944       1887       2429          1
      1940        504        503        501        604       1941       1939       1938       2428          1
      1941        501        503        603        604       1937       1942       1940       4821          1
      1942        501        603        601        604       1454       1943       1941       4822          1
      1943        501        601        602        604       1453       1944       1942       4823          1
      1944        501        602        502        604       1888       1939       1943       4824          1
      1945        499        500        489        600       1946       1950       4825       2435          1
      1946        500        490        489        600       1947       1945       4826       2434          1
      1947        489        490        590        600       4827       1948       1946       1999          1
      1948        489        590        589        600       1460       1949       1947       2004          1
      1949        489        589        599        600       1459       1950       1948       1953          1
      1950        489        599        499        600       4828       1945       1949       1952          1
      1951        498        499        488        599       1952       1956       4829       2441          1
      1952        499        489        488        599       1953       1951       1950       2440          1
      1953        488        489        589        599       1949       1954       1952       2005          1
      1954        488        589        588        599       1466       1955       1953       2010          1
      1955        488        588        598        599       1465       1956       1954       1959          1
      1956        488        598        498        599       4830       1951       1955       1958          1
      1957        497        498        487        598       1958       1962       4831       2447          1
      1958        498        488        487        598       1959       1957       1956       2446          1
      1959        487        488        588        598       1955       1960       1958       2011          1
      1960        487        588        587        598       1472       1961       1959       2016          1
      1961        487        587        597        598       1471       1962       1960       1965          1
      1962        487        597        497        598       4832       1957       1961       1964          1
      1963        496        497        486        597       1964       1968       4833       2453          1
      1964        497        487        486        597       1965       1963       1962       2452          1
      1965        486        487        587        597       1961       1966       1964       2017          1
      1966        486        587        586        597       1478       1967       1965       2022          1
      1967        486        586        596        597       1477       1968       1966       1971          1
      1968        486        596        496        597       4834       1963       1967       1970          1
      1969        495        496        485        596       1970       1974       4835       2459          1
      1970        496        486        485        596       1971       1969       1968       2458          1
      1971        485        486        586        596       1967       1972       1970       2023          1
      1972        485        586        585        596       1484       1973       1971       2028          1
      1973        485        585        595        596       1483       1974       1972       1977          1
      1974        485        595        495        596       4836       1969       1973       1976          1
      1975        494        495        484        595       1976       1980       4837       2465          1
      1976        495        485        484        595       1977       1975       1974       2464          1
      1977        484        485        585        595       1973       1978       1976       2029          1
      1978        484        585        584        595       1490       1979       1977       2034          1
      1979        484        584        594        595       1489       1980       1978       1983          1
      1980        484        594        494        595       4838       1975       1979       1982          1
      1981        493        494        483        594       1982       1986       4839       2471          1
      1982        494        484        483        594       1983       1981       1980       2470          1
      1983        483        484        584        594       1979       1984       1982       2035          1
      1984        483        584        583        594       1496       1985       1983       2040          1
      1985        483        583        593        594       1495       1986       1984       1989          1
      1986        483        593        493        594       4840       1981       1985       1988          1
      1987        492        493        482        593       1988       1992       4841       2477          1
      1988        493        483        482        593       1989       1987       1986       2476          1
      1989        482        483        583        593       1985       1990       1988       2041          1
      1990        482        583        582        593       1502       1991       1989       2046          1
      1991        482        582        592        593       1501       1992       1990       1995          1
      1992        482        592        492        593       4842       1987       1991       1994          1
      1993        491        492        481        592       1994       1998       4843       2483          1
      1994        492        482        481        592       1995       1993       1992       2482          1
      1995        481        482        582        592       1991       1996       1994       2047          1
      1996        481        582        581        592       1508       1997       1995       2052          1
      1997        481        581        591        592       1507       1998       1996       4844          1
      1998        481        591        491        592       4845       1993       1997       4846          1
      1999        489        490        479        590       2000       2004       1947       2489          1
      2000        490        480        479        590       2001       1999       4847       2488          1
      2001        479        480        580        590       4848       2002       2000       2053          1
      2002        479        580        579        590       1514       2003       2001       2058          1
      2003        479        579        589        590       1513       2004       2002       2007          1
      2004        479        589        489        590       1948       1999       2003       2006          1
      2005        488        489        478        589       2006       2010       1953       2495          1
      2006        489        479        478        589       2007       2005       2004       2494          1
      2007        478        479        579        589       2003       2008       2006       2059          1
      2008        478        579        578        589       1520       2009       2007       2064          1
      2009        478        578        588        589       1519       2010       2008       2013          1
      2010        478        588        488        589       1954       2005       2009       2012          1
      2011        487        488        477        588       2012       2016       1959       2501          1
      2012        488        478        477        588       2013       2011       2010       2500          1
      2013        477        478        578        588       2009       2014       2012       2065          1
      2014        477        578        577        588       1526       2015       2013       2070          1
      2015        477        577        587        588       1525       2016       2014       2019          1
      2016        477        587        487        588       1960       2011       2015       2018          1
      2017        486        487        476        587       2018       2022       1965       2507          1
      2018        487        477        476        587       2019       2017       2016       2506          1
      2019        476        477        577        587       2015       2020       2018       2071          1
      2020        476        577        576        587       1532       2021       2019       2076          1
      2021        476        576        586        587       1531       2022       2020       2025          1
      2022        476        586        486        587       1966       2017       2021       2024          1
      2023        485        486        475        586       2024       2028       1971       2513          1
      2024        486        476        475        586       2025       2023       2022       2512          1
      2025        475        476        576        586       2021       2026       2024       2077          1
      2026        475        576        575        586       1538       2027       2025       2082          1
      2027        475        575        585        586       1537       2028       2026       2031          1
      2028        475        585        485        586       1972       2023       2027       2030          1
      2029        484        485        474        585       2030       2034       1977       2519          1
      2030        485        475        474        585       2031       2029       2028       2518          1
      2031        474        475        575        585       2027       2032       2030       2083          1
      2032        474        575        574        585       1544       2033       2031       2088          1
      2033        474        574        584        585       1543       2034       2032       2037          1
      2034        474        584        484        585       1978       2029       2033       2036          1
      2035        483        484        473        584       2036       2040       1983       2525          1
      2036        484        474        473        584       2037       2035       2034       2524          1
      2037        473        474        574        584       2033       2038       2036       2089          1
      2038        473        574        573        584       1550       2039       2037       2094          1
      2039        473        573        583        584       1549       2040       2038       2043          1
      2040        473        583        483        584       1984       2035       2039       2042          1
      2041        482        483        472        583       2042       2046       1989       2531          1
      2042        483        473        472        583       2043       2041       2040       2530          1
      2043        472        473        573        583       2039       2044       2042       2095          1
      2044        472        573        572        583       1556       2045       2043       2100          1
      2045        472        572        582        583       1555       2046       2044       2049          1
      2046        472        582        482        583       1990       2041       2045       2048          1
      2047        481        482        471        582       2048       2052       1995       2537          1
      2048        482        472        471        582       2049       2047       2046       2536          1
      2049        471        472        572        582       2045       2050       2048       2101          1
      2050        471        572        571        582       1562       2051       2049       2106          1
      2051        471        571        581        582       1561       2052       2050       4849          1
      2052        471        581        481        582       1996       2047       2051       4850          1
      2053        479        480        469        580       2054       2058       2001       2543          1
      2054        480        470        469        580       2055       2053       4851       2542          1
      2055        469        470        570        580       4852       2056       2054       2107          1
      2056        469        570        569        580       1568       2057       2055       2112          1
      2057        469        569        579        580       1567       2058       2056       2061          1
      2058        469        579        479        580       2002       2053       2057       2060          1
      2059        478        479        468        579       2060       2064       2007       2549          1
      2060        479        469        468        579       2061       2059       2058       2548          1
      2061        468        469        569        579       2057       2062       2060       2113          1
      2062        468        569        568        579       1574       2063       2061       2118          1
      2063        468        568        578        579       1573       2064       2062       2067          1
      2064        468        578        478        579       2008       2059       2063       2066          1
      2065        477        478        467        578       2066       2070       2013       2555          1
      2066        478        468        467        578       2067       2065       2064       2554          1
      2067        467        468        568        578       2063       2068       2066       2119          1
      2068        467        568        567        578       1580       2069       2067       2124          1
      2069        467        567        577        578       1579       2070       2068       2073          1
      2070        467        577        477        578       2014       2065       2069       2072          1
      2071        476        477        466        577       2072       2076       2019       2561          1
      2072        477        467        466        577       2073       2071       2070       2560          1
      2073        466        467        567        577       2069       2074       2072       2125          1
      2074        466        567        566        577       1586       2075       2073       2130          1
      2075        466        566        576        577       1585       2076       2074       2079          1
      2076        466        576        476        577       2020       2071       2075       2078          1
      2077        475        476        465        576       2078       2082       2025       2567          1
      2078        476        466        465        576       2079       2077       2076       2566          1
      2079        465        466        566        576       2075       2080       2078       2131          1
      2080        465        566        565        576       1592       2081       2079       2136          1
      2081        465        565        575        576       1591       2082       2080       2085          1
      2082        465        575        475        576       2026       2077       2081       2084          1
      2083        474        475        464        575       2084       2088       2031       2573          1
      2084        475        465        464        575       2085       2083       2082       2572          1
      2085        464        465        565        575       2081       2086       2084       2137          1
      2086        464        565        564        575       1598       2087       2085       2142          1
      2087        464        564        574        575       1597       2088       2086       2091          1
      2088        464        574        474        575       2032       2083       2087       2090          1
      2089        473        474        463        574       2090       2094       2037       2579          1
      2090        474        464        463        574       2091       2089       2088       2578          1
      2091        463        464        564        574       2087       2092       2090       2143          1
      2092        463        564        563        574       1604       2093       2091       2148          1
      2093        463        563        573        574       1603       2094       2092       2097          1
      2094        463        573        473        574       2038       2089       2093       2096          1
      2095        472        473        462        573       2096       2100       2043       2585          1
      2096        473        463        462        573       2097       2095       2094       2584          1
      2097        462        463        563        573       2093       2098       2096       2149          1
      2098        462        563        562        573       1610       2099       2097       2154          1
      2099        462        562        572        573       1609       2100       2098       2103          1
      2100        462        572        472        573       2044       2095       2099       2102          1
      2101        471        472        461        572       2102       2106       2049       2591          1
      2102        472        462        461        572       2103       2101       2100       2590          1
      2103        461        462        562        572       2099       2104       2102       2155          1
      2104        461        562        561        572       1616       2105       2103       2160          1
      2105        461        561        571        572       1615       2106       2104       4853          1
      2106        461        571        471        572       2050       2101       2105       4854          1
      2107        469        470        459        570       2108       2112       2055       2597          1
      2108        470        460        459        570       2109       2107       4855       2596          1
      2109        459        460        560        570       4856       2110       2108       2161          1
      2110        459        560        559        570       1622       2111       2109       2166          1
      2111        459        559        569        570       1621       2112       2110       2115          1
      2112        459        569        469        570       2056       2107       2111       2114          1
      2113        468        469        458        569       2114       2118       2061       2603          1
      2114        469        459        458        569       2115       2113       2112       2602          1
      2115        458        459        559        569       2111       2116       2114       2167          1
      2116        458        559        558        569       1628       2117       2115       2172          1
      2117        458        558        568        569       1627       2118       2116       2121          1
      2118        458        568        468        569       2062       2113       2117       2120          1
      2119        467        468        457        568       2120       2124       2067       2609          1
      2120        468        458        457        568       2121       2119       2118       2608          1
      2121        457        458        558        568       2117       2122       2120       2173          1
      2122        457        558        557        568       1634       2123       2121       2178          1
      2123        457        557        567        568       1633       2124       2122       2127          1
      2124        457        567        467        568       2068       2119       2123       2126          1
      2125        466        467        456        567       2126       2130       2073       2615          1
      2126        467        457        456        567       2127       2125       2124       2614          1
      2127        456        457        557        567       2123       2128       2126       2179          1
      2128        456        557        556        567       1640       2129       2127       2184          1
      2129        456        556        566        567       1639       2130       2128       2133          1
      2130        456        566        466        567       2074       2125       2129       2132          1
      2131        465        466        455        566       2132       2136       2079       2621          1
      2132        466        456        455        566       2133       2131       2130       2620          1
      2133        455        456        556        566       2129       2134       2132       2185          1
      2134        455        556        555        566       1646       2135       2133       2190          1
      2135        455        555        565        566       1645       2136       2134       2139          1
      2136        455        565        465        566       2080       2131       2135       2138          1
      2137        464        465        454        565       2138       2142       2085       2627          1
      2138        465        455        454        565       2139       2137       2136       2626          1
      2139        454        455        555        565       2135       2140       2138       2191          1
      2140        454        555        554        565       1652       2141       2139       2196          1
      2141        454        554        564        565       1651       2142       2140       2145          1
      2142        454        564        464        565       2086       2137       2141       2144          1
      2143        463        464        453        564       2144       2148       2091       2633          1
      2144        464        454        453        564       2145       2143       2142       2632          1
      2145        453        454        554        564       2141       2146       2144       2197          1
      2146        453        554        553        564       1658       2147       2145       2202          1
      2147        453        553        563        564       1657       2148       2146       2151          1
      2148        453        563        463        564       2092       2143       2147       2150          1
      2149        462        463        452        563       2150       2154       2097       2639          1
      2150        463        453        452        563       2151       2149       2148       2638          1
      2151        452        453        553        563       2147       2152       2150       2203          1
      2152        452        553        552        563       1664       2153       2151       2208          1
      2153        452        552        562        563       1663       2154       2152       2157          1
      2154        452        562        462        563       2098       2149       2153       2156          1
      2155        461        462        451        562       2156       2160       2103       2645          1
      2156        462        452        451        562       2157       2155       2154       2644          1
      2157        451        452        552        562       2153       2158       2156       2209          1
      2158        451        552        551        562       1670       2159       2157       2214          1
      2159        451        551        561        562       1669       2160       2158       4857          1
      2160        451        561        461        562       2104       2155       2159       4858          1
      2161        459        460        449        560       2162       2166       2109       2651          1
      2162        460        450        449        560       2163       2161       4859       2650          1
      2163        449        450        550        560       4860       2164       2162       2215          1
      2164        449        550        549        560       1676       2165       2163       2220          1
      2165        449        549        559        560       1675       2166       2164       2169          1
      2166        449        559        459        560       2110       2161       2165       2168          1
      2167        458        459        448        559       2168       2172       2115       2657          1
      2168        459        449        448        559       2169       2167       2166       2656          1
      2169        448        449        549        559       2165       2170       2168       2221          1
      2170        448        549        548        559       1682       2171       2169       2226          1
      2171        448        548        558        559       1681       2172       2170       2175          1
      2172        448        558        458        559       2116       2167       2171       2174          1
      2173        457        458        447        558       2174       2178       2121       2663          1
      2174        458        448        447        558       2175       2173       2172       2662          1
      2175        447        448        548        558       2171       2176       2174       2227          1
      2176        447        548        547        558       1688       2177       2175       2232          1
      2177        447        547        557        558       1687       2178       2176       2181          1
      2178        447        557        457        558       2122       2173       2177       2180          1
      2179        456        457        446        557       2180       2184       2127       2669          1
      2180        457        447        446        557       2181       2179       2178       2668          1
      2181        446        447        547        557       2177       2182       2180       2233          1
      2182        446        547        546        557       1694       2183       2181       2238          1
      2183        446        546        556        557       1693       2184       2182       2187          1
      2184        446        556        456        557       2128       2179       2183       2186          1
      2185        455        456        445        556       2186       2190       2133       2675          1
      2186        456        446        445        556       2187       2185       2184       2674          1
      2187        445        446        546        556       2183       2188       2186       2239          1
      2188        445        546        545        556       1700       2189       2187       2244          1
      2189        445        545        555        556       1699       2190       2188       2193          1
      2190        445        555        455        556       2134       2185       2189       2192          1
      2191        454        455        444        555       2192       2196       2139       2681          1
      2192        455        445        444        555       2193       2191       2190       2680          1
      2193        444        445        545        555       2189       2194       2192       2245          1
      2194        444        545        544        555       1706       2195       2193       2250          1
      2195        444        544        554        555       1705       2196       2194       2199          1
      2196        444        554        454        555       2140       2191       2195       2198          1
      2197        453        454        443        554       2198       2202       2145       2687          1
      2198        454        444        443        554       2199       2197       2196       2686          1
      2199        443        444        544        554       2195       2200       2198       2251          1
      2200        443        544        543        554       1712       2201       2199       2256          1
      2201        443        543        553        554       1711       2202       2200       2205          1
      2202        443        553        453        554       2146       2197       2201       2204          1
      2203        452        453        442        553       2204       2208       2151       2693          1
      2204        453        443        442        553       2205       2203       2202       2692          1
      2205        442        443        543        553       2201       2206       2204       2257          1
      2206        442        543        542        553       1718       2207       2205       2262          1
      2207        442        542        552        553       1717       2208       2206       2211          1
      2208        442        552        452        553       2152       2203       2207       2210          1
      2209        451        452        441        552       2210       2214       2157       2699          1
      2210        452        442        441        552       2211       2209       2208       2698          1
      2211        441        442        542        552       2207       2212       2210       2263          1
      2212        441        542        541        552       1724       2213       2211       2268          1
      2213        441        541        551        552       1723       2214       2212       4861          1
      2214        441        551        451        552       2158       2209       2213       4862          1
      2215        449        450        439        550       2216       2220       2163       2705          1
      2216        450        440        439        550       2217       2215       4863       2704          1
      2217        439        440        540        550       4864       2218       2216       2269          1
      2218        439        540        539        550       1730       2219       2217       2274          1
      2219        439        539        549        550       1729       2220       2218       2223          1
      2220        439        549        449        550       2164       2215       2219       2222          1
      2221        448        449        438        549       2222       2226       2169       2711          1
      2222        449        439        438        549       2223       2221       2220       2710          1
      2223        438        439        539        549       2219       2224       2222       2275          1
      2224        438        539        538        549       1736       2225       2223       2280          1
      2225        438        538        548        549       1735       2226       2224       2229          1
      2226        438        548        448        549       2170       2221       2225       2228          1
      2227        447        448        437        548       2228       2232       2175       2717          1
      2228        448        438        437        548       2229       2227       2226       2716          1
      2229        437        438        538        548       2225       2230       2228       2281          1
      2230        437        538        537        548       1742       2231       2229       2286          1
      2231        437        537        547        548       1741       2232       2230       2235          1
      2232        437        547        447        548       2176       2227       2231       2234          1
      2233        446        447        436        547       2234       2238       2181       2723          1
      2234        447        437        436        547       2235       2233       2232       2722          1
      2235        436        437        537        547       2231       2236       2234       2287          1
      2236        436        537        536        547       1748       2237       2235       2292          1
      2237        436        536        546        547       1747       2238       2236       2241          1
      2238        436        546        446        547       2182       2233       2237       2240          1
      2239        445        446        435        546       2240       2244       2187       2729          1
      2240        446        436        435        546       2241       2239       2238       2728          1
      2241        435        436        536        546       2237       2242       2240       2293          1
      2242        435        536        535        546       1754       2243       2241       2298          1
      2243        435        535        545        546       1753       2244       2242       2247          1
      2244        435        545        445        546       2188       2239       2243       2246          1
      2245        444        445        434        545       2246       2250       2193       2735          1
      2246        445        435        434        545       2247       2245       2244       2734          1
      2247        434        435        535        545       2243       2248       2246       2299          1
      2248        434        535        534        545       1760       2249       2247       2304          1
      2249        434        534        544        545       1759       2250       2248       2253          1
      2250        434        544        444        545       2194       2245       2249       2252          1
      2251        443        444        433        544       2252       2256       2199       2741          1
      2252        444        434        433        544       2253       2251       2250       2740          1
      2253        433        434        534        544       2249       2254       2252       2305          1
      2254        433        534        533        544       1766       2255       2253       2310          1
      2255        433        533        543        544       1765       2256       2254       2259          1
      2256        433        543        443        544       2200       2251       2255       2258          1
      2257        442        443        432        543       2258       2262       2205       2747          1
      2258        443        433        432        543       2259       2257       2256       2746          1
      2259        432        433        533        543       2255       2260       2258       2311          1
      2260        432        533        532        543       1772       2261       2259       2316          1
      2261        432        532        542        543       1771       2262       2260       2265          1
      2262        432        542        442        543       2206       2257       2261       2264          1
      2263        441        442        431        542       2264       2268       2211       2753          1
      2264        442        432        431        542       2265       2263       2262       2752          1
      2265        431        432        532        542       2261       2266       2264       2317          1
      2266        431        532        531        542       1778       2267       2265       2322          1
      2267        431        531        541        542       1777       2268       2266       4865          1
      2268        431        541        441        542       2212       2263       2267       4866          1
      2269        439        440        429        540       2270       2274       2217       2759          1
      2270        440        430        429        540       2271       2269       4867       2758          1
      2271        429        430        530        540       4868       2272       2270       2323          1
      2272        429        530        529        540       1784       2273       2271       2328          1
      2273        429        529        539        540       1783       2274       2272       2277          1
      2274        429        539        439        540       2218       2269       2273       2276          1
      2275        438        439        428        539       2276       2280       2223       2765          1
      2276        439        429        428        539       2277       2275       2274       2764          1
      2277        428        429        529        539       2273       2278       2276       2329          1
      2278        428        529        528        539       1790       2279       2277       2334          1
      2279        428        528        538        539       1789       2280       2278       2283          1
      2280        428        538        438        539       2224       2275       2279       2282          1
      2281        437        438        427        538       2282       2286       2229       2771          1
      2282        438        428        427        538       2283       2281       2280       2770          1
      2283        427        428        528        538       2279       2284       2282       2335          1
      2284        427        528        527        538       1796       2285       2283       2340          1
      2285        427        527        537        538       1795       2286       2284       2289          1
      2286        427        537        437        538       2230       2281       2285       2288          1
      2287        436        437        426        537       2288       2292       2235       2777          1
      2288        437        427        426        537       2289       2287       2286       2776          1
      2289        426        427        527        537       2285       2290       2288       2341          1
      2290        426        527        526        537       1802       2291       2289       2346          1
      2291        426        526        536        537       1801       2292       2290       2295          1
      2292        426        536        436        537       2236       2287       2291       2294          1
      2293        435        436        425        536       2294       2298       2241       2783          1
      2294        436        426        425        536       2295       2293       2292       2782          1
      2295        425        426        526        536       2291       2296       2294       2347          1
      2296        425        526        525        536       1808       2297       2295       2352          1
      2297        425        525        535        536       1807       2298       2296       2301          1
      2298        425        535        435        536       2242       2293       2297       2300          1
      2299        434        435        424        535       2300       2304       2247       2789          1
      2300        435        425        424        535       2301       2299       2298       2788          1
      2301        424        425        525        535       2297       2302       2300       2353          1
      2302        424        525        524        535       1814       2303       2301       2358          1
      2303        424        524        534        535       1813       2304       2302       2307          1
      2304        424        534        434        535       2248       2299       2303       2306          1
      2305        433        434        423        534       2306       2310       2253       2795          1
      2306        434        424        423        534       2307       2305       2304       2794          1
      2307        423        424        524        534       2303       2308       2306       2359          1
      2308        423        524        523        534       1820       2309       2307       2364          1
      2309        423        523        533        534       1819       2310       2308       2313          1
      2310        423        533        433        534       2254       2305       2309       2312          1
      2311        432        433        422        533       2312       2316       2259       2801          1
      2312        433        423        422        533       2313       2311       2310       2800          1
      2313        422        423        523        533       2309       2314       2312       2365          1
      2314        422        523        522        533       1826       2315       2313       2370          1
      2315        422        522        532        533       1825       2316       2314       2319          1
      2316        422        532        432        533       2260       2311       2315       2318          1
      2317        431        432        421        532       2318       2322       2265       2807          1
      2318        432        422        421        532       2319       2317       2316       2806          1
      2319        421        422        522        532       2315       2320       2318       2371          1
      2320        421        522        521        532       1832       2321       2319       2376          1
      2321        421        521        531        532       1831       2322       2320       4869          1
      2322        421        531        431        532       2266       2317       2321       4870          1
      2323        429        430        418        530       2324       2328       2271       2813          1
      2324        430        420        418        530       2325       2323       4871       2812          1
      2325        418        420        520        530       4872       2326       2324       2377          1
      2326        418        520        518        530       1838       2327       2325       2382          1
      2327        418        518        529        530       1837       2328       2326       2331          1
      2328        418        529        429        530       2272       2323       2327       2330          1
      2329        428        429        416        529       2330       2334       2277       2819          1
      2330        429        418        416        529       2331       2329       2328       2818          1
      2331        416        418        518        529       2327       2332       2330       2383          1
      2332        416        518        516        529       1844       2333       2331       2388          1
      2333        416        516        528        529       1843       2334       2332       2337          1
      2334        416        528        428        529       2278       2329       2333       2336          1
      2335        427        428        414        528       2336       2340       2283       2825          1
      2336        428        416        414        528       2337       2335       2334       2824          1
      2337        414        416        516        528       2333       2338       2336       2389          1
      2338        414        516        514        528       1850       2339       2337       2394          1
      2339        414        514        527        528       1849       2340       2338       2343          1
      2340        414        527        427        528       2284       2335       2339       2342          1
      2341        426        427        412        527       2342       2346       2289       2831          1
      2342        427        414        412        527       2343       2341       2340       2830          1
      2343        412        414        514        527       2339       2344       2342       2395          1
      2344        412        514        512        527       1856       2345       2343       2400          1
      2345        412        512        526        527       1855       2346       2344       2349          1
      2346        412        526        426        527       2290       2341       2345       2348          1
      2347        425        426        410        526       2348       2352       2295       2837          1
      2348        426        412        410        526       2349       2347       2346       2836          1
      2349        410        412        512        526       2345       2350       2348       2401          1
      2350        410        512        510        526       1862       2351       2349       2406          1
      2351        410        510        525        526       1861       2352       2350       2355          1
      2352        410        525        425        526       2296       2347       2351       2354          1
      2353        424        425        408        525       2354       2358       2301       2843          1
      2354        425        410        408        525       2355       2353       2352       2842          1
      2355        408        410        510        525       2351       2356       2354       2407          1
      2356        408        510        508        525       1868       2357       2355       2412          1
      2357        408        508        524        525       1867       2358       2356       2361          1
      2358        408        524        424        525       2302       2353       2357       2360          1
      2359        423        424        406        524       2360       2364       2307       2849          1
      2360        424        408        406        524       2361       2359       2358       2848          1
      2361        406        408        508        524       2357       2362       2360       2413          1
      2362        406        508        506        524       1874       2363       2361       2418          1
      2363        406        506        523        524       1873       2364       2362       2367          1
      2364        406        523        423        524       2308       2359       2363       2366          1
      2365        422        423        404        523       2366       2370       2313       2855          1
      2366        423        406        404        523       2367       2365       2364       2854          1
      2367        404        406        506        523       2363       2368       2366       2419          1
      2368        404        506        504        523       1880       2369       2367       2424          1
      2369        404        504        522        523       1879       2370       2368       2373          1
      2370        404        522        422        523       2314       2365       2369       2372          1
      2371        421        422        402        522       2372       2376       2319       2861          1
      2372        422        404        402        522       2373       2371       2370       2860          1
      2373        402        404        504        522       2369       2374       2372       2425          1
      2374        402        504        502        522       1886       2375       2373       2430          1
      2375        402        502        521        522       1885       2376       2374       4873          1
      2376        402        521        421        522       2320       2371       2375       4874          1
      2377        418        420        417        520       2378       2382       2325       2867          1
      2378        420        419        417        520       2379       2377       4875       2866          1
      2379        417        419        519        520       4876       2380       2378       4877          1
      2380        417        519        517        520       1892       2381       2379       4878          1
      2381        417        517        518        520       1891       2382       2380       2385          1
      2382        417        518        418        520       2326       2377       2381       2384          1
      2383        416        418        415        518       2384       2388       2331       2873          1
      2384        418        417        415        518       2385       2383       2382       2872          1
      2385        415        417        517        518       2381       2386       2384       4879          1
      2386        415        517        515        518       1898       2387       2385       4880          1
      2387        415        515        516        518       1897       2388       2386       2391          1
      2388        415        516        416        518       2332       2383       2387       2390          1
      2389        414        416        413        516       2390       2394       2337       2879          1
      2390        416        415        413        516       2391       2389       2388       2878          1
      2391        413        415        515        516       2387       2392       2390       4881          1
      2392        413        515        513        516       1904       2393       2391       4882          1
      2393        413        513        514        516       1903       2394       2392       2397          1
      2394        413        514        414        516       2338       2389       2393       2396          1
      2395        412        414        411        514       2396       2400       2343       2885          1
      2396        414        413        411        514       2397       2395       2394       2884          1
      2397        411        413        513        514       2393       2398       2396       4883          1
      2398        411        513        511        514       1910       2399       2397       4884          1
      2399        411        511        512        514       1909       2400       2398       2403          1
      2400        411        512        412        514       2344       2395       2399       2402          1
      2401        410        412        409        512       2402       2406       2349       2891          1
      2402        412        411        409        512       2403       2401       2400       2890          1
      2403        409        411        511        512       2399       2404       2402       4885          1
      2404        409        511        509        512       1916       2405       2403       4886          1
      2405        409        509        510        512       1915       2406       2404       2409          1
      2406        409        510        410        512       2350       2401       2405       2408          1
      2407        408        410        407        510       2408       2412       2355       2897          1
      2408        410        409        407        510       2409       2407       2406       2896          1
      2409        407        409        509        510       2405       2410       2408       4887          1
      2410        407        509        507        510       1922       2411       2409       4888          1
      2411        407        507        508        510       1921       2412       2410       2415          1
      2412        407        508        408        510       2356       2407       2411       2414          1
      2413        406        408        405        508       2414       2418       2361       2903          1
      2414        408        407        405        508       2415       2413       2412       2902          1
      2415        405        407        507        508       2411       2416       2414       4889          1
      2416        405        507        505        508       1928       2417       2415       4890          1
      2417        405        505        506        508       1927       2418       2416       2421          1
      2418        405        506        406        508       2362       2413       2417       2420          1
      2419        404        406        403        506       2420       2424       2367       2909          1
      2420        406        405        403        506       2421       2419       2418       2908          1
      2421        403        405        505        506       2417       2422       2420       4891          1
      2422        403        505        503        506       1934       2423       2421       4892          1
      2423        403        503        504        506       1933       2424       2422       2427          1
      2424        403        504        404        506       2368       2419       2423       2426          1
      2425        402        404        401        504       2426       2430       2373       2915          1
      2426        404        403        401        504       2427       2425       2424       2914          1
      2427        401        403        503        504       2423       2428       2426       4893          1
      2428        401        503        501        504       1940       2429       2427       4894          1
      2429        401        501        502        504       1939       2430       2428       4895          1
      2430        401        502        402        504       2374       2425       2429       4896          1
      2431        399        400        389        500       2432       2436       4897       2921          1
      2432        400        390        389        500       2433       2431       4898       2920          1
      2433        389        390        490        500       4899       2434       2432       2485          1
      2434        389        490        489        500       1946       2435       2433       2490          1
      2435        389        489        499        500       1945       2436       2434       2439          1
      2436        389        499        399        500       4900       2431       2435       2438          1
      2437        398        399        388        499       2438       2442       4901       2927          1
      2438        399        389        388        499       2439       2437       2436       2926          1
      2439        388        389        489        499       2435       2440       2438       2491          1
      2440        388        489        488        499       1952       2441       2439       2496          1
      2441        388        488        498        499       1951       2442       2440       2445          1
      2442        388        498        398        499       4902       2437       2441       2444          1
      2443        397        398        387        498       2444       2448       4903       2933          1
      2444        398        388        387        498       2445       2443       2442       2932          1
      2445        387        388        488        498       2441       2446       2444       2497          1
      2446        387        488        487        498       1958       2447       2445       2502          1
      2447        387        487        497        498       1957       2448       2446       2451          1
      2448        387        497        397        498       4904       2443       2447       2450          1
      2449        396        397        386        497       2450       2454       4905       2939          1
      2450        397        387        386        497       2451       2449       2448       2938          1
      2451        386        387        487        497       2447       2452       2450       2503          1
      2452        386        487        486        497       1964       2453       2451       2508          1
      2453        386        486        496        497       1963       2454       2452       2457          1
      2454        386        496        396        497       4906       2449       2453       2456          1
      2455        395        396        385        496       2456       2460       4907       2945          1
      2456        396        386        385        496       2457       2455       2454       2944          1
      2457        385        386        486        496       2453       2458       2456       2509          1
      2458        385        486        485        496       1970       2459       2457       2514          1
      2459        385        485        495        496       1969       2460       2458       2463          1
      2460        385        495        395        496       4908       2455       2459       2462          1
      2461        394        395        384        495       2462       2466       4909       2951          1
      2462        395        385        384        495       2463       2461       2460       2950          1
      2463        384        385        485        495       2459       2464       2462       2515          1
      2464        384        485        484        495       1976       2465       2463       2520          1
      2465        384        484        494        495       1975       2466       2464       2469          1
      2466        384        494        394        495       4910       2461       2465       2468          1
      2467        393        394        383        494       2468       2472       4911       2957          1
      2468        394        384        383        494       2469       2467       2466       2956          1
      2469        383        384        484        494       2465       2470       2468       2521          1
      2470        383        484        483        494       1982       2471       2469       2526          1
      2471        383        483        493        494       1981       2472       2470       2475          1
      2472        383        493        393        494       4912       2467       2471       2474          1
      2473        392        393        382        493       2474       2478       4913       2963          1
      2474        393        383        382        493       2475       2473       2472       2962          1
      2475        382        383        483        493       2471       2476       2474       2527          1
      2476        382        483        482        493       1988       2477       2475       2532          1
      2477        382        482        492        493       1987       2478       2476       2481          1
      2478        382        492        392        493       4914       2473       2477       2480          1
      2479        391        392        381        492       2480       2484       4915       2969          1
      2480        392        382        381        492       2481       2479       2478       2968          1
      2481        381        382        482        492       2477       2482       2480       2533          1
      2482        381        482        481        492       1994       2483       2481       2538          1
      2483        381        481        491        492       1993       2484       2482       4916          1
      2484        381        491        391        492       4917       2479       2483       4918          1
      2485        389        390        379        490       2486       2490       2433       2975          1
      2486        390        380        379        490       2487       2485       4919       2974          1
      2487        379        380        480        490       4920       2488       2486       2539          1
      2488        379        480        479        490       2000       2489       2487       2544          1
      2489        379        479        489        490       1999       2490       2488       2493          1
      2490        379        489        389        490       2434       2485       2489       2492          1
      2491        388        389        378        489       2492       2496       2439       2981          1
      2492        389        379        378        489       2493       2491       2490       2980          1
      2493        378        379        479        489       2489       2494       2492       2545          1
      2494        378        479        478        489       2006       2495       2493       2550          1
      2495        378        478        488        489       2005       2496       2494       2499          1
      2496        378        488        388        489       2440       2491       2495       2498          1
      2497        387        388        377        488       2498       2502       2445       2987          1
      2498        388        378        377        488       2499       2497       2496       2986          1
      2499        377        378        478        488       2495       2500       2498       2551          1
      2500        377        478        477        488       2012       2501       2499       2556          1
      2501        377        477        487        488       2011       2502       2500       2505          1
      2502        377        487        387        488       2446       2497       2501       2504          1
      2503        386        387        376        487       2504       2508       2451       2993          1
      2504        387        377        376        487       2505       2503       2502       2992          1
      2505        376        377        477        487       2501       2506       2504       2557          1
      2506        376        477        476        487       2018       2507       2505       2562          1
      2507        376        476        486        487       2017       2508       2506       2511          1
      2508        376        486        386        487       2452       2503       2507       2510          1
      2509        385        386        375        486       2510       2514       2457       2999          1
      2510        386        376        375        486       2511       2509       2508       2998          1
      2511        375        376        476        486       2507       2512       2510       2563          1
      2512        375        476        475        486       2024       2513       2511       2568          1
      2513        375        475        485        486       2023       2514       2512       2517          1
      2514        375        485        385        486       2458       2509       2513       2516          1
      2515        384        385        374        485       2516       2520       2463       3005          1
      2516        385        375        374        485       2517       2515       2514       3004          1
      2517        374        375        475        485       2513       2518       2516       2569          1
      2518        374        475        474        485       2030       2519       2517       2574          1
      2519        374        474        484        485       2029       2520       2518       2523          1
      2520        374        484        384        485       2464       2515       2519       2522          1
      2521        383        384        373        484       2522       2526       2469       3011          1
      2522        384        374        373        484       2523       2521       2520       3010          1
      2523        373        374        474        484       2519       2524       2522       2575          1
      2524        373        474        473        484       2036       2525       2523       2580          1
      2525        373        473        483        484       2035       2526       2524       2529          1
      2526        373        483        383        484       2470       2521       2525       2528          1
      2527        382        383        372        483       2528       2532       2475       3017          1
      2528        383        373        372        483       2529       2527       2526       3016          1
      2529        372        373        473        483       2525       2530       2528       2581          1
      2530        372        473        472        483       2042       2531       2529       2586          1
      2531        372        472        482        483       2041       2532       2530       2535          1
      2532        372        482        382        483       2476       2527       2531       2534          1
      2533        381        382        371        482       2534       2538       2481       3023          1
      2534        382        372        371        482       2535       2533       2532       3022          1
      2535        371        372        472        482       2531       2536       2534       2587          1
      2536        371        472        471        482       2048       2537       2535       2592          1
      2537        371        471        481        482       2047       2538       2536       4921          1
      2538        371        481        381        482       2482       2533       2537       4922          1
      2539        379        380        369        480       2540       2544       2487       3029          1
      2540        380        370        369        480       2541       2539       4923       3028          1
      2541        369        370        470        480       4924       2542       2540       2593          1
      2542        369        470        469        480       2054       2543       2541       2598          1
      2543        369        469        479        480       2053       2544       2542       2547          1
      2544        369        479        379        480       2488       2539       2543       2546          1
      2545        378        379        368        479       2546       2550       2493       3035          1
      2546        379        369        368        479       2547       2545       2544       3034          1
      2547        368        369        469        479       2543       2548       2546       2599          1
      2548        368        469        468        479       2060       2549       2547       2604          1
      2549        368        468        478        479       2059       2550       2548       2553          1
      2550        368        478        378        479       2494       2545       2549       2552          1
      2551        377        378        367        478       2552       2556       2499       3041          1
      2552        378        368        367        478       2553       2551       2550       3040          1
      2553        367        368        468        478       2549       2554       2552       2605          1
      2554        367        468        467        478       2066       2555       2553       2610          1
      2555        367        467        477        478       2065       2556       2554       2559          1
      2556        367        477        377        478       2500       2551       2555       2558          1
      2557        376        377        366        477       2558       2562       2505       3047          1
      2558        377        367        366        477       2559       2557       2556       3046          1
      2559        366        367        467        477       2555       2560       2558       2611          1
      2560        366        467        466        477       2072       2561       2559       2616          1
      2561        366        466        476        477       2071       2562       2560       2565          1
      2562        366        476        376        477       2506       2557       2561       2564          1
      2563        375        376        365        476       2564       2568       2511       3053          1
      2564        376        366        365        476       2565       2563       2562       3052          1
      2565        365        366        466        476       2561       2566       2564       2617          1
      2566        365        466        465        476       2078       2567       2565       2622          1
      2567        365        465        475        476       2077       2568       2566       2571          1
      2568        365        475        375        476       2512       2563       2567       2570          1
      2569        374        375        364        475       2570       2574       2517       3059          1
      2570        375        365        364        475       2571       2569       2568       3058          1
      2571        364        365        465        475       2567       2572       2570       2623          1
      2572        364        465        464        475       2084       2573       2571       2628          1
      2573        364        464        474        475       2083       2574       2572       2577          1
      2574        364        474        374        475       2518       2569       2573       2576          1
      2575        373        374        363        474       2576       2580       2523       3065          1
      2576        374        364        363        474       2577       2575       2574       3064          1
      2577        363        364        464        474       2573       2578       2576       2629          1
      2578        363        464        463        474       2090       2579       2577       2634          1
      2579        363        463        473        474       2089       2580       2578       2583          1
      2580        363        473        373        474       2524       2575       2579       2582          1
      2581        372        373        362        473       2582       2586       2529       3071          1
      2582        373        363        362        473       2583       2581       2580       3070          1
      2583        362        363        463        473       2579       2584       2582       2635          1
      2584        362        463        462        473       2096       2585       2583       2640          1
      2585        362        462        472        473       2095       2586       2584       2589          1
      2586        362        472        372        473       2530       2581       2585       2588          1
      2587        371        372        361        472       2588       2592       2535       3077          1
      2588        372        362        361        472       2589       2587       2586       3076          1
      2589        361        362        462        472       2585       2590       2588       2641          1
      2590        361        462        461        472       2102       2591       2589       2646          1
      2591        361        461        471        472       2101       2592       2590       4925          1
      2592        361        471        371        472       2536       2587       2591       4926          1
      2593        369        370        359        470       2594       2598       2541       3083          1
      2594        370        360        359        470       2595       2593       4927       3082          1
      2595        359        360        460        470       4928       2596       2594       2647          1
      2596        359        460        459        470       2108       2597       2595       2652          1
      2597        359        459        469        470       2107       2598       2596       2601          1
      2598        359        469        369        470       2542       2593       2597       2600          1
      2599        368        369        358        469       2600       2604       2547       3089          1
      2600        369        359        358        469       2601       2599       2598       3088          1
      2601        358        359        459        469       2597       2602       2600       2653          1
      2602        358        459        458        469       2114       2603       2601       2658          1
      2603        358        458        468        469       2113       2604       2602       2607          1
      2604        358        468        368        469       2548       2599       2603       2606          1
      2605        367        368        357        468       2606       2610       2553       3095          1
      2606        368        358        357        468       2607       2605       2604       3094          1
      2607        357        358        458        468       2603       2608       2606       2659          1
      2608        357        458        457        468       2120       2609       2607       2664          1
      2609        357        457        467        468       2119       2610       2608       2613          1
      2610        357        467        367        468       2554       2605       2609       2612          1
      2611        366        367        356        467       2612       2616       2559       3101          1
      2612        367        357        356        467       2613       2611       2610       3100          1
      2613        356        357        457        467       2609       2614       2612       2665          1
      2614        356        457        456        467       2126       2615       2613       2670          1
      2615        356        456        466        467       2125       2616       2614       2619          1
      2616        356        466        366        467       2560       2611       2615       2618          1
      2617        365        366        355        466       2618       2622       2565       3107          1
      2618        366        356        355        466       2619       2617       2616       3106          1
      2619        355        356        456        466       2615       2620       2618       2671          1
      2620        355        456        455        466       2132       2621       2619       2676          1
      2621        355        455        465        466       2131       2622       2620       2625          1
      2622        355        465        365        466       2566       2617       2621       2624          1
      2623        364        365        354        465       2624       2628       2571       3113          1
      2624        365        355        354        465       2625       2623       2622       3112          1
      2625        354        355        455        465       2621       2626       2624       2677          1
      2626        354        455        454        465       2138       2627       2625       2682          1
      2627        354        454        464        465       2137       2628       2626       2631          1
      2628        354        464        364        465       2572       2623       2627       2630          1
      2629        363        364        353        464       2630       2634       2577       3119          1
      2630        364        354        353        464       2631       2629       2628       3118          1
      2631        353        354        454        464       2627       2632       2630       2683          1
      2632        353        454        453        464       2144       2633       2631       2688          1
      2633        353        453        463        464       2143       2634       2632       2637          1
      2634        353        463        363        464       2578       2629       2633       2636          1
      2635        362        363        352        463       2636       2640       2583       3125          1
      2636        363        353        352        463       2637       2635       2634       3124          1
      2637        352        353        453        463       2633       2638       2636       2689          1
      2638        352        453        452        463       2150       2639       2637       2694          1
      2639        352        452        462        463       2149       2640       2638       2643          1
      2640        352        462        362        463       2584       2635       2639       2642          1
      2641        361        362        351        462       2642       2646       2589       3131          1
      2642        362        352        351        462       2643       2641       2640       3130          1
      2643        351        352        452        462       2639       2644       2642       2695          1
      2644        351        452        451        462       2156       2645       2643       2700          1
      2645        351        451        461        462       2155       2646       2644       4929          1
      2646        351        461        361        462       2590       2641       2645       4930          1
      2647        359        360        349        460       2648       2652       2595       3137          1
      2648        360        350        349        460       2649       2647       4931       3136          1
      2649        349        350        450        460       4932       2650       2648       2701          1
      2650        349        450        449        460       2162       2651       2649       2706          1
      2651        349        449        459        460       2161       2652       2650       2655          1
      2652        349        459        359        460       2596       2647       2651       2654          1
      2653        358        359        348        459       2654       2658       2601       3143          1
      2654        359        349        348        459       2655       2653       2652       3142          1
      2655        348        349        449        459       2651       2656       2654       2707          1
      2656        348        449        448        459       2168       2657       2655       2712          1
      2657        348        448        458        459       2167       2658       2656       2661          1
      2658        348        458        358        459       2602       2653       2657       2660          1
      2659        357        358        347        458       2660       2664       2607       3149          1
      2660        358        348        347        458       2661       2659       2658       3148          1
      2661        347        348        448        458       2657       2662       2660       2713          1
      2662        347        448        447        458       2174       2663       2661       2718          1
      2663        347        447        457        458       2173       2664       2662       2667          1
      2664        347        457        357        458       2608       2659       2663       2666          1
      2665        356        357        346        457       2666       2670       2613       3155          1
      2666        357        347        346        457       2667       2665       2664       3154          1
      2667        346        347        447        457       2663       2668       2666       2719          1
      2668        346        447        446        457       2180       2669       2667       2724          1
      2669        346        446        456        457       2179       2670       2668       2673          1
      2670        346        456        356        457       2614       2665       2669       2672          1
      2671        355        356        345        456       2672       2676       2619       3161          1
      2672        356        346        345        456       2673       2671       2670       3160          1
      2673        345        346        446        456       2669       2674       2672       2725          1
      2674        345        446        445        456       2186       2675       2673       2730          1
      2675        345        445        455        456       2185       2676       2674       2679          1
      2676        345        455        355        456       2620       2671       2675       2678          1
      2677        354        355        344        455       2678       2682       2625       3167          1
      2678        355        345        344        455       2679       2677       2676       3166          1
      2679        344        345        445        455       2675       2680       2678       2731          1
      2680        344        445        444        455       2192       2681       2679       2736          1
      2681        344        444        454        455       2191       2682       2680       2685          1
      2682        344        454        354        455       2626       2677       2681       2684          1
      2683        353        354        343        454       2684       2688       2631       3173          1
      2684        354        344        343        454       2685       2683       2682       3172          1
      2685        343        344        444        454       2681       2686       2684       2737          1
      2686        343        444        443        454       2198       2687       2685       2742          1
      2687        343        443        453        454       2197       2688       2686       2691          1
      2688        343        453        353        454       2632       2683       2687       2690          1
      2689        352        353        342        453       2690       2694       2637       3179          1
      2690        353        343        342        453       2691       2689       2688       3178          1
      2691        342        343        443        453       2687       2692       2690       2743          1
      2692        342        443        442        453       2204       2693       2691       2748          1
      2693        342        442        452        453       2203       2694       2692       2697          1
      2694        342        452        352        453       2638       2689       2693       2696          1
      2695        351        352        341        452       2696       2700       2643       3185          1
      2696        352        342        341        452       2697       2695       2694       3184          1
      2697        341        342        442        452       2693       2698       2696       2749          1
      2698        341        442        441        452       2210       2699       2697       2754          1
      2699        341        441        451        452       2209       2700       2698       4933          1
      2700        341        451        351        452       2644       2695       2699       4934          1
      2701        349        350        339        450       2702       2706       2649       3191          1
      2702        350        340        339        450       2703       2701       4935       3190          1
      2703        339        340        440        450       4936       2704       2702       2755          1
      2704        339        440        439        450       2216       2705       2703       2760          1
      2705        339        439        449        450       2215       2706       2704       2709          1
      2706        339        449        349        450       2650       2701       2705       2708          1
      2707        348        349        338        449       2708       2712       2655       3197          1
      2708        349        339        338        449       2709       2707       2706       3196          1
      2709        338        339        439        449       2705       2710       2708       2761          1
      2710        338        439        438        449       2222       2711       2709       2766          1
      2711        338        438        448        449       2221       2712       2710       2715          1
      2712        338        448        348        449       2656       2707       2711       2714          1
      2713        347        348        337        448       2714       2718       2661       3203          1
      2714        348        338        337        448       2715       2713       2712       3202          1
      2715        337        338        438        448       2711       2716       2714       2767          1
      2716        337        438        437        448       2228       2717       2715       2772          1
      2717        337        437        447        448       2227       2718       2716       2721          1
      2718        337        447        347        448       2662       2713       2717       2720          1
      2719        346        347        336        447       2720       2724       2667       3209          1
      2720        347        337        336        447       2721       2719       2718       3208          1
      2721        336        337        437        447       2717       2722       2720       2773          1
      2722        336        437        436        447       2234       2723       2721       2778          1
      2723        336        436        446        447       2233       2724       2722       2727          1
      2724        336        446        346        447       2668       2719       2723       2726          1
      2725        345        346        335        446       2726       2730       2673       3215          1
      2726        346        336        335        446       2727       2725       2724       3214          1
      2727        335        336        436        446       2723       2728       2726       2779          1
      2728        335        436        435        446       2240       2729       2727       2784          1
      2729        335        435        445        446       2239       2730       2728       2733          1
      2730        335        445        345        446       2674       2725       2729       2732          1
      2731        344        345        334        445       2732       2736       2679       3221          1
      2732        345        335        334        445       2733       2731       2730       3220          1
      2733        334        335        435        445       2729       2734       2732       2785          1
      2734        334        435        434        445       2246       2735       2733       2790          1
      2735        334        434        444        445       2245       2736       2734       2739          1
      2736        334        444        344        445       2680       2731       2735       2738          1
      2737        343        344        333        444       2738       2742       2685       3227          1
      2738        344        334        333        444       2739       2737       2736       3226          1
      2739        333        334        434        444       2735       2740       2738       2791          1
      2740        333        434        433        444       2252       2741       2739       2796          1
      2741        333        433        443        444       2251       2742       2740       2745          1
      2742        333        443        343        444       2686       2737       2741       2744          1
      2743        342        343        332        443       2744       2748       2691       3233          1
      2744        343        333        332        443       2745       2743       2742       3232          1
      2745        332        333        433        443       2741       2746       2744       2797          1
      2746        332        433        432        443       2258       2747       2745       2802          1
      2747        332        432        442        443       2257       2748       2746       2751          1
      2748        332        442        342        443       2692       2743       2747       2750          1
      2749        341        342        331        442       2750       2754       2697       3239          1
      2750        342        332        331        442       2751       2749       2748       3238          1
      2751        331        332        432        442       2747       2752       2750       2803          1
      2752        331        432        431        442       2264       2753       2751       2808          1
      2753        331        431        441        442       2263       2754       2752       4937          1
      2754        331        441        341        442       2698       2749       2753       4938          1
      2755        339        340        329        440       2756       2760       2703       3245          1
      2756        340        330        329        440       2757       2755       4939       3244          1
      2757        329        330        430        440       4940       2758       2756       2809          1
      2758        329        430        429        440       2270       2759       2757       2814          1
      2759        329        429        439        440       2269       2760       2758       2763          1
      2760        329        439        339        440       2704       2755       2759       2762          1
      2761        338        339        328        439       2762       2766       2709       3251          1
      2762        339        329        328        439       2763       2761       2760       3250          1
      2763        328        329        429        439       2759       2764       2762       2815          1
      2764        328        429        428        439       2276       2765       2763       2820          1
      2765        328        428        438        439       2275       2766       2764       2769          1
      2766        328        438        338        439       2710       2761       2765       2768          1
      2767        337        338        327        438       2768       2772       2715       3257          1
      2768        338        328        327        438       2769       2767       2766       3256          1
      2769        327        328        428        438       2765       2770       2768       2821          1
      2770        327        428        427        438       2282       2771       2769       2826          1
      2771        327        427        437        438       2281       2772       2770       2775          1
      2772        327        437        337        438       2716       2767       2771       2774          1
      2773        336        337        326        437       2774       2778       2721       3263          1
      2774        337        327        326        437       2775       2773       2772       3262          1
      2775        326        327        427        437       2771       2776       2774       2827          1
      2776        326        427        426        437       2288       2777       2775       2832          1
      2777        326        426        436        437       2287       2778       2776       2781          1
      2778        326        436        336        437       2722       2773       2777       2780          1
      2779        335        336        325        436       2780       2784       2727       3269          1
      2780        336        326        325        436       2781       2779       2778       3268          1
      2781        325        326        426        436       2777       2782       2780       2833          1
      2782        325        426        425        436       2294       2783       2781       2838          1
      2783        325        425        435        436       2293       2784       2782       2787          1
      2784        325        435        335        436       2728       2779       2783       2786          1
      2785        334        335        324        435       2786       2790       2733       3275          1
      2786        335        325        324        435       2787       2785       2784       3274          1
      2787        324        325        425        435       2783       2788       2786       2839          1
      2788        324        425        424        435       2300       2789       2787       2844          1
      2789        324        424        434        435       2299       2790       2788       2793          1
      2790        324        434        334        435       2734       2785       2789       2792          1
      2791        333        334        323        434       2792       2796       2739       3281          1
      2792        334        324        323        434       2793       2791       2790       3280          1
      2793        323        324        424        434       2789       2794       2792       2845          1
      2794        323        424        423        434       2306       2795       2793       2850          1
      2795        323        423        433        434       2305       2796       2794       2799          1
      2796        323        433        333        434       2740       2791       2795       2798          1
      2797        332        333        322        433       2798       2802       2745       3287          1
      2798        333        323        322        433       2799       2797       2796       3286          1
      2799        322        323        423        433       2795       2800       2798       2851          1
      2800        322        423        422        433       2312       2801       2799       2856          1
      2801        322        422        432        433       2311       2802       2800       2805          1
      2802        322        432        332        433       2746       2797       2801       2804          1
      2803        331        332        321        432       2804       2808       2751       3293          1
      2804        332        322        321        432       2805       2803       2802       3292          1
      2805        321        322        422        432       2801       2806       2804       2857          1
      2806        321        422        421        432       2318       2807       2805       2862          1
      2807        321        421        431        432       2317       2808       2806       4941          1
      2808        321        431        331        432       2752       2803       2807       4942          1
      2809        329        330        318        430       2810       2814       2757       3299          1
      2810        330        320        318        430       2811       2809       4943       3298          1
      2811        318        320        420        430       4944       2812       2810       2863          1
      2812        318        420        418        430       2324       2813       2811       2868          1
      2813        318        418        429        430       2323       2814       2812       2817          1
      2814        318        429        329        430       2758       2809       2813       2816          1
      2815        328        329        316        429       2816       2820       2763       3305          1
      2816        329        318        316        429       2817       2815       2814       3304          1
      2817        316        318        418        429       2813       2818       2816       2869          1
      2818        316        418        416        429       2330       2819       2817       2874          1
      2819        316        416        428        429       2329       2820       2818       2823          1
      2820        316        428        328        429       2764       2815       2819       2822          1
      2821        327        328        314        428       2822       2826       2769       3311          1
      2822        328        316        314        428       2823       2821       2820       3310          1
      2823        314        316        416        428       2819       2824       2822       2875          1
      2824        314        416        414        428       2336       2825       2823       2880          1
      2825        314        414        427        428       2335       2826       2824       2829          1
      2826        314        427        327        428       2770       2821       2825       2828          1
      2827        326        327        312        427       2828       2832       2775       3317          1
      2828        327        314        312        427       2829       2827       2826       3316          1
      2829        312        314        414        427       2825       2830       2828       2881          1
      2830        312        414        412        427       2342       2831       2829       2886          1
      2831        312        412        426        427       2341       2832       2830       2835          1
      2832        312        426        326        427       2776       2827       2831       2834          1
      2833        325        326        310        426       2834       2838       2781       3323          1
      2834        326        312        310        426       2835       2833       2832       3322          1
      2835        310        312        412        426       2831       2836       2834       2887          1
      2836        310        412        410        426       2348       2837       2835       2892          1
      2837        310        410        425        426       2347       2838       2836       2841          1
      2838        310        425        325        426       2782       2833       2837       2840          1
      2839        324        325        308        425       2840       2844       2787       3329          1
      2840        325        310        308        425       2841       2839       2838       3328          1
      2841        308        310        410        425       2837       2842       2840       2893          1
      2842        308        410        408        425       2354       2843       2841       2898          1
      2843        308        408        424        425       2353       2844       2842       2847          1
      2844        308        424        324        425       2788       2839       2843       2846          1
      2845        323        324        306        424       2846       2850       2793       3335          1
      2846        324        308        306        424       2847       2845       2844       3334          1
      2847        306        308        408        424       2843       2848       2846       2899          1
      2848        306        408        406        424       2360       2849       2847       2904          1
      2849        306        406        423        424       2359       2850       2848       2853          1
      2850        306        423        323        424       2794       2845       2849       2852          1
      2851        322        323        304        423       2852       2856       2799       3341          1
      2852        323        306        304        423       2853       2851       2850       3340          1
      2853        304        306        406        423       2849       2854       2852       2905          1
      2854        304        406        404        423       2366       2855       2853       2910          1
      2855        304        404        422        423       2365       2856       2854       2859          1
      2856        304        422        322        423       2800       2851       2855       2858          1
      2857        321        322        302        422       2858       2862       2805       3347          1
      2858        322        304        302        422       2859       2857       2856       3346          1
      2859        302        304        404        422       2855       2860       2858       2911          1
      2860        302        404        402        422       2372       2861       2859       2916          1
      2861        302        402        421        422       2371       2862       2860       4945          1
      2862        302        421        321        422       2806       2857       2861       4946          1
      2863        318        320        317        420       2864       2868       2811       3353          1
      2864        320        319        317        420       2865       2863       4947       3352          1
      2865        317        319        419        420       4948       2866       2864       4949          1
      2866        317        419        417        420       2378       2867       2865       4950          1
      2867        317        417        418        420       2377       2868       2866       2871          1
      2868        317        418        318        420       2812       2863       2867       2870          1
      2869        316        318        315        418       2870       2874       2817       3359          1
      2870        318        317        315        418       2871       2869       2868       3358          1
      2871        315        317        417        418       2867       2872       2870       4951          1
      2872        315        417        415        418       2384       2873       2871       4952          1
      2873        315        415        416        418       2383       2874       2872       2877          1
      2874        315        416        316        418       2818       2869       2873       2876          1
      2875        314        316        313        416       2876       2880       2823       3365          1
      2876        316        315        313        416       2877       2875       2874       3364          1
      2877        313        315        415        416       2873       2878       2876       4953          1
      2878        313        415        413        416       2390       2879       2877       4954          1
      2879        313        413        414        416       2389       2880       2878       2883          1
      2880        313        414        314        416       2824       2875       2879       2882          1
      2881        312        314        311        414       2882       2886       2829       3371          1
      2882        314        313        311        414       2883       2881       2880       3370          1
      2883        311        313        413        414       2879       2884       2882       4955          1
      2884        311        413        411        414       2396       2885       2883       4956          1
      2885        311        411        412        414       2395       2886       2884       2889          1
      2886        311        412        312        414       2830       2881       2885       2888          1
      2887        310        312        309        412       2888       2892       2835       3377          1
      2888        312        311        309        412       2889       2887       2886       3376          1
      2889        309        311        411        412       2885       2890       2888       4957          1
      2890        309        411        409        412       2402       2891       2889       4958          1
      2891        309        409        410        412       2401       2892       2890       2895          1
      2892        309        410        310        412       2836       2887       2891       2894          1
      2893        308        310        307        410       2894       2898       2841       3383          1
      2894        310        309        307        410       2895       2893       2892       3382          1
      2895        307        309        409        410       2891       2896       2894       4959          1
      2896        307        409        407        410       2408       2897       2895       4960          1
      2897        307        407        408        410       2407       2898       2896       2901          1
      2898        307        408        308        410       2842       2893       2897       2900          1
      2899        306        308        305        408       2900       2904       2847       3389          1
      2900        308        307        305        408       2901       2899       2898       3388          1
      2901        305        307        407        408       2897       2902       2900       4961          1
      2902        305        407        405        408       2414       2903       2901       4962          1
      2903        305        405        406        408       2413       2904       2902       2907          1
      2904        305        406        306        408       2848       2899       2903       2906          1
      2905        304        306        303        406       2906       2910       2853       3395          1
      2906        306        305        303        406       2907       2905       2904       3394          1
      2907        303        305        405        406       2903       2908       2906       4963          1
      2908        303        405        403        406       2420       2909       2907       4964          1
      2909        303        403        404        406       2419       2910       2908       2913          1
      2910        303        404        304        406       2854       2905       2909       2912          1
      2911        302        304        301        404       2912       2916       2859       3401          1
      2912        304        303        301        404       2913       2911       2910       3400          1
      2913        301        303        403        404       2909       2914       2912       4965          1
      2914        301        403        401        404       2426       2915       2913       4966          1
      2915        301        401        402        404       2425       2916       2914       4967          1
      2916        301        402        302        404       2860       2911       2915       4968          1
      2917        299        300        289        400       2918       2922       4969       3407          1
      2918        300        290        289        400       2919       2917       4970       3406          1
      2919        289        290        390        400       4971       2920       2918       2971          1
      2920        289        390        389        400       2432       2921       2919       2976          1
      2921        289        389        399        400       2431       2922       2920       2925          1
      2922        289        399        299        400       4972       2917       2921       2924          1
      2923        298        299        288        399       2924       2928       4973       3413          1
      2924        299        289        288        399       2925       2923       2922       3412          1
      2925        288        289        389        399       2921       2926       2924       2977          1
      2926        288        389        388        399       2438       2927       2925       2982          1
      2927        288        388        398        399       2437       2928       2926       2931          1
      2928        288        398        298        399       4974       2923       2927       2930          1
      2929        297        298        287        398       2930       2934       4975       3419          1
      2930        298        288        287        398       2931       2929       2928       3418          1
      2931        287        288        388        398       2927       2932       2930       2983          1
      2932        287        388        387        398       2444       2933       2931       2988          1
      2933        287        387        397        398       2443       2934       2932       2937          1
      2934        287        397        297        398       4976       2929       2933       2936          1
      2935        296        297        286        397       2936       2940       4977       3425          1
      2936        297        287        286        397       2937       2935       2934       3424          1
      2937        286        287        387        397       2933       2938       2936       2989          1
      2938        286        387        386        397       2450       2939       2937       2994          1
      2939        286        386        396        397       2449       2940       2938       2943          1
      2940        286        396        296        397       4978       2935       2939       2942          1
      2941        295        296        285        396       2942       2946       4979       3431          1
      2942        296        286        285        396       2943       2941       2940       3430          1
      2943        285        286        386        396       2939       2944       2942       2995          1
      2944        285        386        385        396       2456       2945       2943       3000          1
      2945        285        385        395        396       2455       2946       2944       2949          1
      2946        285        395        295        396       4980       2941       2945       2948          1
      2947        294        295        284        395       2948       2952       4981       3437          1
      2948        295        285        284        395       2949       2947       2946       3436          1
      2949        284        285        385        395       2945       2950       2948       3001          1
      2950        284        385        384        395       2462       2951       2949       3006          1
      2951        284        384        394        395       2461       2952       2950       2955          1
      2952        284        394        294        395       4982       2947       2951       2954          1
      2953        293        294        283        394       2954       2958       4983       3443          1
      2954        294        284        283        394       2955       2953       2952       3442          1
      2955        283        284        384        394       2951       2956       2954       3007          1
      2956        283        384        383        394       2468       2957       2955       3012          1
      2957        283        383        393        394       2467       2958       2956       2961          1
      2958        283        393        293        394       4984       2953       2957       2960          1
      2959        292        293        282        393       2960       2964       4985       3449          1
      2960        293        283        282        393       2961       2959       2958       3448          1
      2961        282        283        383        393       2957       2962       2960       3013          1
      2962        282        383        382        393       2474       2963       2961       3018          1
      2963        282        382        392        393       2473       2964       2962       2967          1
      2964        282        392        292        393       4986       2959       2963       2966          1
      2965        291        292        281        392       2966       2970       4987       3455          1
      2966        292        282        281        392       2967       2965       2964       3454          1
      2967        281        282        382        392       2963       2968       2966       3019          1
      2968        281        382        381        392       2480       2969       2967       3024          1
      2969        281        381        391        392       2479       2970       2968       4988          1
      2970        281        391        291        392       4989       2965       2969       4990          1
      2971        289        290        279        390       2972       2976       2919       3461          1
      2972        290        280        279        390       2973       2971       4991       3460          1
      2973        279        280        380        390       4992       2974       2972       3025          1
      2974        279        380        379        390       2486       2975       2973       3030          1
      2975        279        379        389        390       2485       2976       2974       2979          1
      2976        279        389        289        390       2920       2971       2975       2978          1
      2977        288        289        278        389       2978       2982       2925       3467          1
      2978        289        279        278        389       2979       2977       2976       3466          1
      2979        278        279        379        389       2975       2980       2978       3031          1
      2980        278        379        378        389       2492       2981       2979       3036          1
      2981        278        378        388        389       2491       2982       2980       2985          1
      2982        278        388        288        389       2926       2977       2981       2984          1
      2983        287        288        277        388       2984       2988       2931       3473          1
      2984        288        278        277        388       2985       2983       2982       3472          1
      2985        277        278        378        388       2981       2986       2984       3037          1
      2986        277        378        377        388       2498       2987       2985       3042          1
      2987        277        377        387        388       2497       2988       2986       2991          1
      2988        277        387        287        388       2932       2983       2987       2990          1
      2989        286        287        276        387       2990       2994       2937       3479          1
      2990        287        277        276        387       2991       2989       2988       3478          1
      2991        276        277        377        387       2987       2992       2990       3043          1
      2992        276        377        376        387       2504       2993       2991       3048          1
      2993        276        376        386        387       2503       2994       2992       2997          1
      2994        276        386        286        387       2938       2989       2993       2996          1
      2995        285        286        275        386       2996       3000       2943       3485          1
      2996        286        276        275        386       2997       2995       2994       3484          1
      2997        275        276        376        386       2993       2998       2996       3049          1
      2998        275        376        375        386       2510       2999       2997       3054          1
      2999        275        375        385        386       2509       3000       2998       3003          1
      3000        275        385        285        386       2944       2995       2999       3002          1
      3001        284        285        274        385       3002       3006       2949       3491          1
      3002        285        275        274        385       3003       3001       3000       3490          1
      3003        274        275        375        385       2999       3004       3002       3055          1
      3004        274        375        374        385       2516       3005       3003       3060          1
      3005        274        374        384        385       2515       3006       3004       3009          1
      3006        274        384        284        385       2950       3001       3005       3008          1
      3007        283        284        273        384       3008       3012       2955       3497          1
      3008        284        274        273        384       3009       3007       3006       3496          1
      3009        273        274        374        384       3005       3010       3008       3061          1
      3010        273        374        373        384       2522       3011       3009       3066          1
      3011        273        373        383        384       2521       3012       3010       3015          1
      3012        273        383        283        384       2956       3007       3011       3014          1
      3013        282        283        272        383       3014       3018       2961       3503          1
      3014        283        273        272        383       3015       3013       3012       3502          1
      3015        272        273        373        383       3011       3016       3014       3067          1
      3016        272        373        372        383       2528       3017       3015       3072          1
      3017        272        372        382        383       2527       3018       3016       3021          1
      3018        272        382        282        383       2962       3013       3017       3020          1
      3019        281        282        271        382       3020       3024       2967       3509          1
      3020        282        272        271        382       3021       3019       3018       3508          1
      3021        271        272        372        382       3017       3022       3020       3073          1
      3022        271        372        371        382       2534       3023       3021       3078          1
      3023        271        371        381        382       2533       3024       3022       4993          1
      3024        271        381        281        382       2968       3019       3023       4994          1
      3025        279        280        269        380       3026       3030       2973       3515          1
      3026        280        270        269        380       3027       3025       4995       3514          1
      3027        269        270        370        380       4996       3028       3026       3079          1
      3028        269        370        369        380       2540       3029       3027       3084          1
      3029        269        369        379        380       2539       3030       3028       3033          1
      3030        269        379        279        380       2974       3025       3029       3032          1
      3031        278        279        268        379       3032       3036       2979       3521          1
      3032        279        269        268        379       3033       3031       3030       3520          1
      3033        268        269        369        379       3029       3034       3032       3085          1
      3034        268        369        368        379       2546       3035       3033       3090          1
      3035        268        368        378        379       2545       3036       3034       3039          1
      3036        268        378        278        379       2980       3031       3035       3038          1
      3037        277        278        267        378       3038       3042       2985       3527          1
      3038        278        268        267        378       3039       3037       3036       3526          1
      3039        267        268        368        378       3035       3040       3038       3091          1
      3040        267        368        367        378       2552       3041       3039       3096          1
      3041        267        367        377        378       2551       3042       3040       3045          1
      3042        267        377        277        378       2986       3037       3041       3044          1
      3043        276        277        266        377       3044       3048       2991       3533          1
      3044        277        267        266        377       3045       3043       3042       3532          1
      3045        266        267        367        377       3041       3046       3044       3097          1
      3046        266        367        366        377       2558       3047       3045       3102          1
      3047        266        366        376        377       2557       3048       3046       3051          1
      3048        266        376        276        377       2992       3043       3047       3050          1
      3049        275        276        265        376       3050       3054       2997       3539          1
      3050        276        266        265        376       3051       3049       3048       3538          1
      3051        265        266        366        376       3047       3052       3050       3103          1
      3052        265        366        365        376       2564       3053       3051       3108          1
      3053        265        365        375        376       2563       3054       3052       3057          1
      3054        265        375        275        376       2998       3049       3053       3056          1
      3055        274        275        264        375       3056       3060       3003       3545          1
      3056        275        265        264        375       3057       3055       3054       3544          1
      3057        264        265        365        375       3053       3058       3056       3109          1
      3058        264        365        364        375       2570       3059       3057       3114          1
      3059        264        364        374        375       2569       3060       3058       3063          1
      3060        264        374        274        375       3004       3055       3059       3062          1
      3061        273        274        263        374       3062       3066       3009       3551          1
      3062        274        264        263        374       3063       3061       3060       3550          1
      3063        263        264        364        374       3059       3064       3062       3115          1
      3064        263        364        363        374       2576       3065       3063       3120          1
      3065        263        363        373        374       2575       3066       3064       3069          1
      3066        263        373        273        374       3010       3061       3065       3068          1
      3067        272        273        262        373       3068       3072       3015       3557          1
      3068        273        263        262        373       3069       3067       3066       3556          1
      3069        262        263        363        373       3065       3070       3068       3121          1
      3070        262        363        362        373       2582       3071       3069       3126          1
      3071        262        362        372        373       2581       3072       3070       3075          1
      3072        262        372        272        373       3016       3067       3071       3074          1
      3073        271        272        261        372       3074       3078       3021       3563          1
      3074        272        262        261        372       3075       3073       3072       3562          1
      3075        261        262        362        372       3071       3076       3074       3127          1
      3076        261        362        361        372       2588       3077       3075       3132          1
      3077        261        361        371        372       2587       3078       3076       4997          1
      3078        261        371        271        372       3022       3073       3077       4998          1
      3079        269        270        259        370       3080       3084       3027       3569          1
      3080        270        260        259        370       3081       3079       4999       3568          1
      3081        259        260        360        370       5000       3082       3080       3133          1
      3082        259        360        359        370       2594       3083       3081       3138          1
      3083        259        359        369        370       2593       3084       3082       3087          1
      3084        259        369        269        370       3028       3079       3083       3086          1
      3085        268        269        258        369       3086       3090       3033       3575          1
      3086        269        259        258        369       3087       3085       3084       3574          1
      3087        258        259        359        369       3083       3088       3086       3139          1
      3088        258        359        358        369       2600       3089       3087       3144          1
      3089        258        358        368        369       2599       3090       3088       3093          1
      3090        258        368        268        369       3034       3085       3089       3092          1
      3091        267        268        257        368       3092       3096       3039       3581          1
      3092        268        258        257        368       3093       3091       3090       3580          1
      3093        257        258        358        368       3089       3094       3092       3145          1
      3094        257        358        357        368       2606       3095       3093       3150          1
      3095        257        357        367        368       2605       3096       3094       3099          1
      3096        257        367        267        368       3040       3091       3095       3098          1
      3097        266        267        256        367       3098       3102       3045       3587          1
      3098        267        257        256        367       3099       3097       3096       3586          1
      3099        256        257        357        367       3095       3100       3098       3151          1
      3100        256        357        356        367       2612       3101       3099       3156          1
      3101        256        356        366        367       2611       3102       3100       3105          1
      3102        256        366        266        367       3046       3097       3101       3104          1
      3103        265        266        255        366       3104       3108       3051       3593          1
      3104        266        256        255        366       3105       3103       3102       3592          1
      3105        255        256        356        366       3101       3106       3104       3157          1
      3106        255        356        355        366       2618       3107       3105       3162          1
      3107        255        355        365        366       2617       3108       3106       3111          1
      3108        255        365        265        366       3052       3103       3107       3110          1
      3109        264        265        254        365       3110       3114       3057       3599          1
      3110        265        255        254        365       3111       3109       3108       3598          1
      3111        254        255        355        365       3107       3112       3110       3163          1
      3112        254        355        354        365       2624       3113       3111       3168          1
      3113        254        354        364        365       2623       3114       3112       3117          1
      3114        254        364        264        365       3058       3109       3113       3116          1
      3115        263        264        253        364       3116       3120       3063       3605          1
      3116        264        254        253        364       3117       3115       3114       3604          1
      3117        253        254        354        364       3113       3118       3116       3169          1
      3118        253        354        353        364       2630       3119       3117       3174          1
      3119        253        353        363        364       2629       3120       3118       3123          1
      3120        253        363        263        364       3064       3115       3119       3122          1
      3121        262        263        252        363       3122       3126       3069       3611          1
      3122        263        253        252        363       3123       3121       3120       3610          1
      3123        252        253        353        363       3119       3124       3122       3175          1
      3124        252        353        352        363       2636       3125       3123       3180          1
      3125        252        352        362        363       2635       3126       3124       3129          1
      3126        252        362        262        363       3070       3121       3125       3128          1
      3127        261        262        251        362       3128       3132       3075       3617          1
      3128        262        252        251        362       3129       3127       3126       3616          1
      3129        251        252        352        362       3125       3130       3128       3181          1
      3130        251        352        351        362       2642       3131       3129       3186          1
      3131        251        351        361        362       2641       3132       3130       5001          1
      3132        251        361        261        362       3076       3127       3131       5002          1
      3133        259        260        249        360       3134       3138       3081       3623          1
      3134        260        250        249        360       3135       3133       5003       3622          1
      3135        249        250        350        360       5004       3136       3134       3187          1
      3136        249        350        349        360       2648       3137       3135       3192          1
      3137        249        349        359        360       2647       3138       3136       3141          1
      3138        249        359        259        360       3082       3133       3137       3140          1
      3139        258        259        248        359       3140       3144       3087       3629          1
      3140        259        249        248        359       3141       3139       3138       3628          1
      3141        248        249        349        359       3137       3142       3140       3193          1
      3142        248        349        348        359       2654       3143       3141       3198          1
      3143        248        348        358        359       2653       3144       3142       3147          1
      3144        248        358        258        359       3088       3139       3143       3146          1
      3145        257        258        247        358       3146       3150       3093       3635          1
      3146        258        248        247        358       3147       3145       3144       3634          1
      3147        247        248        348        358       3143       3148       3146       3199          1
      3148        247        348        347        358       2660       3149       3147       3204          1
      3149        247        347        357        358       2659       3150       3148       3153          1
      3150        247        357        257        358       3094       3145       3149       3152          1
      3151        256        257        246        357       3152       3156       3099       3641          1
      3152        257        247        246        357       3153       3151       3150       3640          1
      3153        246        247        347        357       3149       3154       3152       3205          1
      3154        246        347        346        357       2666       3155       3153       3210          1
      3155        246        346        356        357       2665       3156       3154       3159          1
      3156        246        356        256        357       3100       3151       3155       3158          1
      3157        255        256        245        356       3158       3162       3105       3647          1
      3158        256        246        245        356       3159       3157       3156       3646          1
      3159        245        246        346        356       3155       3160       3158       3211          1
      3160        245        346        345        356       2672       3161       3159       3216          1
      3161        245        345        355        356       2671       3162       3160       3165          1
      3162        245        355        255        356       3106       3157       3161       3164          1
      3163        254        255        244        355       3164       3168       3111       3653          1
      3164        255        245        244        355       3165       3163       3162       3652          1
      3165        244        245        345        355       3161       3166       3164       3217          1
      3166        244        345        344        355       2678       3167       3165       3222          1
      3167        244        344        354        355       2677       3168       3166       3171          1
      3168        244        354        254        355       3112       3163       3167       3170          1
      3169        253        254        243        354       3170       3174       3117       3659          1
      3170        254        244        243        354       3171       3169       3168       3658          1
      3171        243        244        344        354       3167       3172       3170       3223          1
      3172        243        344        343        354       2684       3173       3171       3228          1
      3173        243        343        353        354       2683       3174       3172       3177          1
      3174        243        353        253        354       3118       3169       3173       3176          1
      3175        252        253        242        353       3176       3180       3123       3665          1
      3176        253        243        242        353       3177       3175       3174       3664          1
      3177        242        243        343        353       3173       3178       3176       3229          1
      3178        242        343        342        353       2690       3179       3177       3234          1
      3179        242        342        352        353       2689       3180       3178       3183          1
      3180        242        352        252        353       3124       3175       3179       3182          1
      3181        251        252        241        352       3182       3186       3129       3671          1
      3182        252        242        241        352       3183       3181       3180       3670          1
      3183        241        242        342        352       3179       3184       3182       3235          1
      3184        241        342        341        352       2696       3185       3183       3240          1
      3185        241        341        351        352       2695       3186       3184       5005          1
      3186        241        351        251        352       3130       3181       3185       5006          1
      3187        249        250        239        350       3188       3192       3135       3677          1
      3188        250        240        239        350       3189       3187       5007       3676          1
      3189        239        240        340        350       5008       3190       3188       3241          1
      3190        239        340        339        350       2702       3191       3189       3246          1
      3191        239        339        349        350       2701       3192       3190       3195          1
      3192        239        349        249        350       3136       3187       3191       3194          1
      3193        248        249        238        349       3194       3198       3141       3683          1
      3194        249        239        238        349       3195       3193       3192       3682          1
      3195        238        239        339        349       3191       3196       3194       3247          1
      3196        238        339        338        349       2708       3197       3195       3252          1
      3197        238        338        348        349       2707       3198       3196       3201          1
      3198        238        348        248        349       3142       3193       3197       3200          1
      3199        247        248        237        348       3200       3204       3147       3689          1
      3200        248        238        237        348       3201       3199       3198       3688          1
      3201        237        238        338        348       3197       3202       3200       3253          1
      3202        237        338        337        348       2714       3203       3201       3258          1
      3203        237        337        347        348       2713       3204       3202       3207          1
      3204        237        347        247        348       3148       3199       3203       3206          1
      3205        246        247        236        347       3206       3210       3153       3695          1
      3206        247        237        236        347       3207       3205       3204       3694          1
      3207        236        237        337        347       3203       3208       3206       3259          1
      3208        236        337        336        347       2720       3209       3207       3264          1
      3209        236        336        346        347       2719       3210       3208       3213          1
      3210        236        346        246        347       3154       3205       3209       3212          1
      3211        245        246        235        346       3212       3216       3159       3701          1
      3212        246        236        235        346       3213       3211       3210       3700          1
      3213        235        236        336        346       3209       3214       3212       3265          1
      3214        235        336        335        346       2726       3215       3213       3270          1
      3215        235        335        345        346       2725       3216       3214       3219          1
      3216        235        345        245        346       3160       3211       3215       3218          1
      3217        244        245        234        345       3218       3222       3165       3707          1
      3218        245        235        234        345       3219       3217       3216       3706          1
      3219        234        235        335        345       3215       3220       3218       3271          1
      3220        234        335        334        345       2732       3221       3219       3276          1
      3221        234        334        344        345       2731       3222       3220       3225          1
      3222        234        344        244        345       3166       3217       3221       3224          1
      3223        243        244        233        344       3224       3228       3171       3713          1
      3224        244        234        233        344       3225       3223       3222       3712          1
      3225        233        234        334        344       3221       3226       3224       3277          1
      3226        233        334        333        344       2738       3227       3225       3282          1
      3227        233        333        343        344       2737       3228       3226       3231          1
      3228        233        343        243        344       3172       3223       3227       3230          1
      3229        242        243        232        343       3230       3234       3177       3719          1
      3230        243        233        232        343       3231       3229       3228       3718          1
      3231        232        233        333        343       3227       3232       3230       3283          1
      3232        232        333        332        343       2744       3233       3231       3288          1
      3233        232        332        342        343       2743       3234       3232       3237          1
      3234        232        342        242        343       3178       3229       3233       3236          1
      3235        241        242        231        342       3236       3240       3183       3725          1
      3236        242        232        231        342       3237       3235       3234       3724          1
      3237        231        232        332        342       3233       3238       3236       3289          1
      3238        231        332        331        342       2750       3239       3237       3294          1
      3239        231        331        341        342       2749       3240       3238       5009          1
      3240        231        341        241        342       3184       3235       3239       5010          1
      3241        239        240        229        340       3242       3246       3189       3731          1
      3242        240        230        229        340       3243       3241       5011       3730          1
      3243        229        230        330        340       5012       3244       3242       3295          1
      3244        229        330        329        340       2756       3245       3243       3300          1
      3245        229        329        339        340       2755       3246       3244       3249          1
      3246        229        339        239        340       3190       3241       3245       3248          1
      3247        238        239        228        339       3248       3252       3195       3737          1
      3248        239        229        228        339       3249       3247       3246       3736          1
      3249        228        229        329        339       3245       3250       3248       3301          1
      3250        228        329        328        339       2762       3251       3249       3306          1
      3251        228        328        338        339       2761       3252       3250       3255          1
      3252        228        338        238        339       3196       3247       3251       3254          1
      3253        237        238        227        338       3254       3258       3201       3743          1
      3254        238        228        227        338       3255       3253       3252       3742          1
      3255        227        228        328        338       3251       3256       3254       3307          1
      3256        227        328        327        338       2768       3257       3255       3312          1
      3257        227        327        337        338       2767       3258       3256       3261          1
      3258        227        337        237        338       3202       3253       3257       3260          1
      3259        236        237        226        337       3260       3264       3207       3749          1
      3260        237        227        226        337       3261       3259       3258       3748          1
      3261        226        227        327        337       3257       3262       3260       3313          1
      3262        226        327        326        337       2774       3263       3261       3318          1
      3263        226        326        336        337       2773       3264       3262       3267          1
      3264        226        336        236        337       3208       3259       3263       3266          1
      3265        235        236        225        336       3266       3270       3213       3755          1
      3266        236        226        225        336       3267       3265       3264       3754          1
      3267        225        226        326        336       3263       3268       3266       3319          1
      3268        225        326        325        336       2780       3269       3267       3324          1
      3269        225        325        335        336       2779       3270       3268       3273          1
      3270        225        335        235        336       3214       3265       3269       3272          1
      3271        234        235        224        335       3272       3276       3219       3761          1
      3272        235        225        224        335       3273       3271       3270       3760          1
      3273        224        225        325        335       3269       3274       3272       3325          1
      3274        224        325        324        335       2786       3275       3273       3330          1
      3275        224        324        334        335       2785       3276       3274       3279          1
      3276        224        334        234        335       3220       3271       3275       3278          1
      3277        233        234        223        334       3278       3282       3225       3767          1
      3278        234        224        223        334       3279       3277       3276       3766          1
      3279        223        224        324        334       3275       3280       3278       3331          1
      3280        223        324        323        334       2792       3281       3279       3336          1
      3281        223        323        333        334       2791       3282       3280       3285          1
      3282        223        333        233        334       3226       3277       3281       3284          1
      3283        232        233        222        333       3284       3288       3231       3773          1
      3284        233        223        222        333       3285       3283       3282       3772          1
      3285        222        223        323        333       3281       3286       3284       3337          1
      3286        222        323        322        333       2798       3287       3285       3342          1
      3287        222        322        332        333       2797       3288       3286       3291          1
      3288        222        332        232        333       3232       3283       3287       3290          1
      3289        231        232        221        332       3290       3294       3237       3779          1
      3290        232        222        221        332       3291       3289       3288       3778          1
      3291        221        222        322        332       3287       3292       3290       3343          1
      3292        221        322        321        332       2804       3293       3291       3348          1
      3293        221        321        331        332       2803       3294       3292       5013          1
      3294        221        331        231        332       3238       3289       3293       5014          1
      3295        229        230        218        330       3296       3300       3243       3785          1
      3296        230        220        218        330       3297       3295       5015       3784          1
      3297        218        220        320        330       5016       3298       3296       3349          1
      3298        218        320        318        330       2810       3299       3297       3354          1
      3299        218        318        329        330       2809       3300       3298       3303          1
      3300        218        329        229        330       3244       3295       3299       3302          1
      3301        228        229        216        329       3302       3306       3249       3791          1
      3302        229        218        216        329       3303       3301       3300       3790          1
      3303        216        218        318        329       3299       3304       3302       3355          1
      3304        216        318        316        329       2816       3305       3303       3360          1
      3305        216        316        328        329       2815       3306       3304       3309          1
      3306        216        328        228        329       3250       3301       3305       3308          1
      3307        227        228        214        328       3308       3312       3255       3797          1
      3308        228        216        214        328       3309       3307       3306       3796          1
      3309        214        216        316        328       3305       3310       3308       3361          1
      3310        214        316        314        328       2822       3311       3309       3366          1
      3311        214        314        327        328       2821       3312       3310       3315          1
      3312        214        327        227        328       3256       3307       3311       3314          1
      3313        226        227        212        327       3314       3318       3261       3803          1
      3314        227        214        212        327       3315       3313       3312       3802          1
      3315        212        214        314        327       3311       3316       3314       3367          1
      3316        212        314        312        327       2828       3317       3315       3372          1
      3317        212        312        326        327       2827       3318       3316       3321          1
      3318        212        326        226        327       3262       3313       3317       3320          1
      3319        225        226        210        326       3320       3324       3267       3809          1
      3320        226        212        210        326       3321       3319       3318       3808          1
      3321        210        212        312        326       3317       3322       3320       3373          1
      3322        210        312        310        326       2834       3323       3321       3378          1
      3323        210        310        325        326       2833       3324       3322       3327          1
      3324        210        325        225        326       3268       3319       3323       3326          1
      3325        224        225        208        325       3326       3330       3273       3815          1
      3326        225        210        208        325       3327       3325       3324       3814          1
      3327        208        210        310        325       3323       3328       3326       3379          1
      3328        208        310        308        325       2840       3329       3327       3384          1
      3329        208        308        324        325       2839       3330       3328       3333          1
      3330        208        324        224        325       3274       3325       3329       3332          1
      3331        223        224        206        324       3332       3336       3279       3821          1
      3332        224        208        206        324       3333       3331       3330       3820          1
      3333        206        208        308        324       3329       3334       3332       3385          1
      3334        206        308        306        324       2846       3335       3333       3390          1
      3335        206        306        323        324       2845       3336       3334       3339          1
      3336        206        323        223        324       3280       3331       3335       3338          1
      3337        222        223        204        323       3338       3342       3285       3827          1
      3338        223        206        204        323       3339       3337       3336       3826          1
      3339        204        206        306        323       3335       3340       3338       3391          1
      3340        204        306        304        323       2852       3341       3339       3396          1
      3341        204        304        322        323       2851       3342       3340       3345          1
      3342        204        322        222        323       3286       3337       3341       3344          1
      3343        221        222        202        322       3344       3348       3291       3833          1
      3344        222        204        202        322       3345       3343       3342       3832          1
      3345        202        204        304        322       3341       3346       3344       3397          1
      3346        202        304        302        322       2858       3347       3345       3402          1
      3347        202        302        321        322       2857       3348       3346       5017          1
      3348        202        321        221        322       3292       3343       3347       5018          1
      3349        218        220        217        320       3350       3354       3297       3839          1
      3350        220        219        217        320       3351       3349       5019       3838          1
      3351        217        219        319        320       5020       3352       3350       5021          1
      3352        217        319        317        320       2864       3353       3351       5022          1
      3353        217        317        318        320       2863       3354       3352       3357          1
      3354        217        318        218        320       3298       3349       3353       3356          1
      3355        216        218        215        318       3356       3360       3303       3845          1
      3356        218        217        215        318       3357       3355       3354       3844          1
      3357        215        217        317        318       3353       3358       3356       5023          1
      3358        215        317        315        318       2870       3359       3357       5024          1
      3359        215        315        316        318       2869       3360       3358       3363          1
      3360        215        316        216        318       3304       3355       3359       3362          1
      3361        214        216        213        316       3362       3366       3309       3851          1
      3362        216        215        213        316       3363       3361       3360       3850          1
      3363        213        215        315        316       3359       3364       3362       5025          1
      3364        213        315        313        316       2876       3365       3363       5026          1
      3365        213        313        314        316       2875       3366       3364       3369          1
      3366        213        314        214        316       3310       3361       3365       3368          1
      3367        212        214        211        314       3368       3372       3315       3857          1
      3368        214        213        211        314       3369       3367       3366       3856          1
      3369        211        213        313        314       3365       3370       3368       5027          1
      3370        211        313        311        314       2882       3371       3369       5028          1
      3371        211        311        312        314       2881       3372       3370       3375          1
      3372        211        312        212        314       3316       3367       3371       3374          1
      3373        210        212        209        312       3374       3378       3321       3863          1
      3374        212        211        209        312       3375       3373       3372       3862          1
      3375        209        211        311        312       3371       3376       3374       5029          1
      3376        209        311        309        312       2888       3377       3375       5030          1
      3377        209        309        310        312       2887       3378       3376       3381          1
      3378        209        310        210        312       3322       3373       3377       3380          1
      3379        208        210        207        310       3380       3384       3327       3869          1
      3380        210        209        207        310       3381       3379       3378       3868          1
      3381        207        209        309        310       3377       3382       3380       5031          1
      3382        207        309        307        310       2894       3383       3381       5032          1
      3383        207        307        308        310       2893       3384       3382       3387          1
      3384        207        308        208        310       3328       3379       3383       3386          1
      3385        206        208        205        308       3386       3390       3333       3875          1
      3386        208        207        205        308       3387       3385       3384       3874          1
      3387        205        207        307        308       3383       3388       3386       5033          1
      3388        205        307        305        308       2900       3389       3387       5034          1
      3389        205        305        306        308       2899       3390       3388       3393          1
      3390        205        306        206        308       3334       3385       3389       3392          1
      3391        204        206        203        306       3392       3396       3339       3881          1
      3392        206        205        203        306       3393       3391       3390       3880          1
      3393        203        205        305        306       3389       3394       3392       5035          1
      3394        203        305        303        306       2906       3395       3393       5036          1
      3395        203        303        304        306       2905       3396       3394       3399          1
      3396        203        304        204        306       3340       3391       3395       3398          1
      3397        202        204        201        304       3398       3402       3345       3887          1
      3398        204        203        201        304       3399       3397       3396       3886          1
      3399        201        203        303        304       3395       3400       3398       5037          1
      3400        201        303        301        304       2912       3401       3399       5038          1
      3401        201        301        302        304       2911       3402       3400       5039          1
      3402        201        302        202        304       3346       3397       3401       5040          1
      3403        198        200        178        300       3404       3408       5041       3893          1
      3404        200        180        178        300       3405       3403       5042       3892          1
      3405        178        180        290        300       5043       3406       3404       3457          1
      3406        178        290        289        300       2918       3407       3405       3462          1
      3407        178        289        299        300       2917       3408       3406       3411          1
      3408        178        299        198        300       5044       3403       3407       3410          1
      3409        196        198        176        299       3410       3414       5045       3899          1
      3410        198        178        176        299       3411       3409       3408       3898          1
      3411        176        178        289        299       3407       3412       3410       3463          1
      3412        176        289        288        299       2924       3413       3411       3468          1
      3413        176        288        298        299       2923       3414       3412       3417          1
      3414        176        298        196        299       5046       3409       3413       3416          1
      3415        194        196        174        298       3416       3420       5047       3905          1
      3416        196        176        174        298       3417       3415       3414       3904          1
      3417        174        176        288        298       3413       3418       3416       3469          1
      3418        174        288        287        298       2930       3419       3417       3474          1
      3419        174        287        297        298       2929       3420       3418       3423          1
      3420        174        297        194        298       5048       3415       3419       3422          1
      3421        192        194        172        297       3422       3426       5049       3911          1
      3422        194        174        172        297       3423       3421       3420       3910          1
      3423        172        174        287        297       3419       3424       3422       3475          1
      3424        172        287        286        297       2936       3425       3423       3480          1
      3425        172        286        296        297       2935       3426       3424       3429          1
      3426        172        296        192        297       5050       3421       3425       3428          1
      3427        190        192        170        296       3428       3432       5051       3917          1
      3428        192        172        170        296       3429       3427       3426       3916          1
      3429        170        172        286        296       3425       3430       3428       3481          1
      3430        170        286        285        296       2942       3431       3429       3486          1
      3431        170        285        295        296       2941       3432       3430       3435          1
      3432        170        295        190        296       5052       3427       3431       3434          1
      3433        188        190        168        295       3434       3438       5053       3923          1
      3434        190        170        168        295       3435       3433       3432       3922          1
      3435        168        170        285        295       3431       3436       3434       3487          1
      3436        168        285        284        295       2948       3437       3435       3492          1
      3437        168        284        294        295       2947       3438       3436       3441          1
      3438        168        294        188        295       5054       3433       3437       3440          1
      3439        186        188        166        294       3440       3444       5055       3929          1
      3440        188        168        166        294       3441       3439       3438       3928          1
      3441        166        168        284        294       3437       3442       3440       3493          1
      3442        166        284        283        294       2954       3443       3441       3498          1
      3443        166        283        293        294       2953       3444       3442       3447          1
      3444        166        293        186        294       5056       3439       3443       3446          1
      3445        184        186        164        293       3446       3450       5057       3935          1
      3446        186        166        164        293       3447       3445       3444       3934          1
      3447        164        166        283        293       3443       3448       3446       3499          1
      3448        164        283        282        293       2960       3449       3447       3504          1
      3449        164        282        292        293       2959       3450       3448       3453          1
      3450        164        292        184        293       5058       3445       3449       3452          1
      3451        182        184        162        292       3452       3456       5059       3941          1
      3452        184        164        162        292       3453       3451       3450       3940          1
      3453        162        164        282        292       3449       3454       3452       3505          1
      3454        162        282        281        292       2966       3455       3453       3510          1
      3455        162        281        291        292       2965       3456       3454       5060          1
      3456        162        291        182        292       5061       3451       3455       5062          1
      3457        178        180        158        290       3458       3462       3405       3947          1
      3458        180        160        158        290       3459       3457       5063       3946          1
      3459        158        160        280        290       5064       3460       3458       3511          1
      3460        158        280        279        290       2972       3461       3459       3516          1
      3461        158        279        289        290       2971       3462       3460       3465          1
      3462        158        289        178        290       3406       3457       3461       3464          1
      3463        176        178        156        289       3464       3468       3411       3953          1
      3464        178        158        156        289       3465       3463       3462       3952          1
      3465        156        158        279        289       3461       3466       3464       3517          1
      3466        156        279        278        289       2978       3467       3465       3522          1
      3467        156        278        288        289       2977       3468       3466       3471          1
      3468        156        288        176        289       3412       3463       3467       3470          1
      3469        174        176        154        288       3470       3474       3417       3959          1
      3470        176        156        154        288       3471       3469       3468       3958          1
      3471        154        156        278        288       3467       3472       3470       3523          1
      3472        154        278        277        288       2984       3473       3471       3528          1
      3473        154        277        287        288       2983       3474       3472       3477          1
      3474        154        287        174        288       3418       3469       3473       3476          1
      3475        172        174        152        287       3476       3480       3423       3965          1
      3476        174        154        152        287       3477       3475       3474       3964          1
      3477        152        154        277        287       3473       3478       3476       3529          1
      3478        152        277        276        287       2990       3479       3477       3534          1
      3479        152        276        286        287       2989       3480       3478       3483          1
      3480        152        286        172        287       3424       3475       3479       3482          1
      3481        170        172        150        286       3482       3486       3429       3971          1
      3482        172        152        150        286       3483       3481       3480       3970          1
      3483        150        152        276        286       3479       3484       3482       3535          1
      3484        150        276        275        286       2996       3485       3483       3540          1
      3485        150        275        285        286       2995       3486       3484       3489          1
      3486        150        285        170        286       3430       3481       3485       3488          1
      3487        168        170        148        285       3488       3492       3435       3977          1
      3488        170        150        148        285       3489       3487       3486       3976          1
      3489        148        150        275        285       3485       3490       3488       3541          1
      3490        148        275        274        285       3002       3491       3489       3546          1
      3491        148        274        284        285       3001       3492       3490       3495          1
      3492        148        284        168        285       3436       3487       3491       3494          1
      3493        166        168        146        284       3494       3498       3441       3983          1
      3494        168        148        146        284       3495       3493       3492       3982          1
      3495        146        148        274        284       3491       3496       3494       3547          1
      3496        146        274        273        284       3008       3497       3495       3552          1
      3497        146        273        283        284       3007       3498       3496       3501          1
      3498        146        283        166        284       3442       3493       3497       3500          1
      3499        164        166        144        283       3500       3504       3447       3989          1
      3500        166        146        144        283       3501       3499       3498       3988          1
      3501        144        146        273        283       3497       3502       3500       3553          1
      3502        144        273        272        283       3014       3503       3501       3558          1
      3503        144        272        282        283       3013       3504       3502       3507          1
      3504        144        282        164        283       3448       3499       3503       3506          1
      3505        162        164        142        282       3506       3510       3453       3995          1
      3506        164        144        142        282       3507       3505       3504       3994          1
      3507        142        144        272        282       3503       3508       3506       3559          1
      3508        142        272        271        282       3020       3509       3507       3564          1
      3509        142        271        281        282       3019       3510       3508       5065          1
      3510        142        281        162        282       3454       3505       3509       5066          1
      3511        158        160        138        280       3512       3516       3459       4001          1
      3512        160        140        138        280       3513       3511       5067       4000          1
      3513        138        140        270        280       5068       3514       3512       3565          1
      3514        138        270        269        280       3026       3515       3513       3570          1
      3515        138        269        279        280       3025       3516       3514       3519          1
      3516        138        279        158        280       3460       3511       3515       3518          1
      3517        156        158        136        279       3518       3522       3465       4007          1
      3518        158        138        136        279       3519       3517       3516       4006          1
      3519        136        138        269        279       3515       3520       3518       3571          1
      3520        136        269        268        279       3032       3521       3519       3576          1
      3521        136        268        278        279       3031       3522       3520       3525          1
      3522        136        278        156        279       3466       3517       3521       3524          1
      3523        154        156        134        278       3524       3528       3471       4013          1
      3524        156        136        134        278       3525       3523       3522       4012          1
      3525        134        136        268        278       3521       3526       3524       3577          1
      3526        134        268        267        278       3038       3527       3525       3582          1
      3527        134        267        277        278       3037       3528       3526       3531          1
      3528        134        277        154        278       3472       3523       3527       3530          1
      3529        152        154        132        277       3530       3534       3477       4019          1
      3530        154        134        132        277       3531       3529       3528       4018          1
      3531        132        134        267        277       3527       3532       3530       3583          1
      3532        132        267        266        277       3044       3533       3531       3588          1
      3533        132        266        276        277       3043       3534       3532       3537          1
      3534        132        276        152        277       3478       3529       3533       3536          1
      3535        150        152        130        276       3536       3540       3483       4025          1
      3536        152        132        130        276       3537       3535       3534       4024          1
      3537        130        132        266        276       3533       3538       3536       3589          1
      3538        130        266        265        276       3050       3539       3537       3594          1
      3539        130        265        275        276       3049       3540       3538       3543          1
      3540        130        275        150        276       3484       3535       3539       3542          1
      3541        148        150        128        275       3542       3546       3489       4031          1
      3542        150        130        128        275       3543       3541       3540       4030          1
      3543        128        130        265        275       3539       3544       3542       3595          1
      3544        128        265        264        275       3056       3545       3543       3600          1
      3545        128        264        274        275       3055       3546       3544       3549          1
      3546        128        274        148        275       3490       3541       3545       3548          1
      3547        146        148        126        274       3548       3552       3495       4037          1
      3548        148        128        126        274       3549       3547       3546       4036          1
      3549        126        128        264        274       3545       3550       3548       3601          1
      3550        126        264        263        274       3062       3551       3549       3606          1
      3551        126        263        273        274       3061       3552       3550       3555          1
      3552        126        273        146        274       3496       3547       3551       3554          1
      3553        144        146        124        273       3554       3558       3501       4043          1
      3554        146        126        124        273       3555       3553       3552       4042          1
      3555        124        126        263        273       3551       3556       3554       3607          1
      3556        124        263        262        273       3068       3557       3555       3612          1
      3557        124        262        272        273       3067       3558       3556       3561          1
      3558        124        272        144        273       3502       3553       3557       3560          1
      3559        142        144        122        272       3560       3564       3507       4049          1
      3560        144        124        122        272       3561       3559       3558       4048          1
      3561        122        124        262        272       3557       3562       3560       3613          1
      3562        122        262        261        272       3074       3563       3561       3618          1
      3563        122        261        271        272       3073       3564       3562       5069          1
      3564        122        271        142        272       3508       3559       3563       5070          1
      3565        138        140        118        270       3566       3570       3513       4055          1
      3566        140        120        118        270       3567       3565       5071       4054          1
      3567        118        120        260        270       5072       3568       3566       3619          1
      3568        118        260        259        270       3080       3569       3567       3624          1
      3569        118        259        269        270       3079       3570       3568       3573          1
      3570        118        269        138        270       3514       3565       3569       3572          1
      3571        136        138        116        269       3572       3576       3519       4061          1
      3572        138        118        116        269       3573       3571       3570       4060          1
      3573        116        118        259        269       3569       3574       3572       3625          1
      3574        116        259        258        269       3086       3575       3573       3630          1
      3575        116        258        268        269       3085       3576       3574       3579          1
      3576        116        268        136        269       3520       3571       3575       3578          1
      3577        134        136        114        268       3578       3582       3525       4067          1
      3578        136        116        114        268       3579       3577       3576       4066          1
      3579        114        116        258        268       3575       3580       3578       3631          1
      3580        114        258        257        268       3092       3581       3579       3636          1
      3581        114        257        267        268       3091       3582       3580       3585          1
      3582        114        267        134        268       3526       3577       3581       3584          1
      3583        132        134        112        267       3584       3588       3531       4073          1
      3584        134        114        112        267       3585       3583       3582       4072          1
      3585        112        114        257        267       3581       3586       3584       3637          1
      3586        112        257        256        267       3098       3587       3585       3642          1
      3587        112        256        266        267       3097       3588       3586       3591          1
      3588        112        266        132        267       3532       3583       3587       3590          1
      3589        130        132        110        266       3590       3594       3537       4079          1
      3590        132        112        110        266       3591       3589       3588       4078          1
      3591        110        112        256        266       3587       3592       3590       3643          1
      3592        110        256        255        266       3104       3593       3591       3648          1
      3593        110        255        265        266       3103       3594       3592       3597          1
      3594        110        265        130        266       3538       3589       3593       3596          1
      3595        128        130        108        265       3596       3600       3543       4085          1
      3596        130        110        108        265       3597       3595       3594       4084          1
      3597        108        110        255        265       3593       3598       3596       3649          1
      3598        108        255        254        265       3110       3599       3597       3654          1
      3599        108        254        264        265       3109       3600       3598       3603          1
      3600        108        264        128        265       3544       3595       3599       3602          1
      3601        126        128        106        264       3602       3606       3549       4091          1
      3602        128        108        106        264       3603       3601       3600       4090          1
      3603        106        108        254        264       3599       3604       3602       3655          1
      3604        106        254        253        264       3116       3605       3603       3660          1
      3605        106        253        263        264       3115       3606       3604       3609          1
      3606        106        263        126        264       3550       3601       3605       3608          1
      3607        124        126        104        263       3608       3612       3555       4097          1
      3608        126        106        104        263       3609       3607       3606       4096          1
      3609        104        106        253        263       3605       3610       3608       3661          1
      3610        104        253        252        263       3122       3611       3609       3666          1
      3611        104        252        262        263       3121       3612       3610       3615          1
      3612        104        262        124        263       3556       3607       3611       3614          1
      3613        122        124        102        262       3614       3618       3561       4103          1
      3614        124        104        102        262       3615       3613       3612       4102          1
      3615        102        104        252        262       3611       3616       3614       3667          1
      3616        102        252        251        262       3128       3617       3615       3672          1
      3617        102        251        261        262       3127       3618       3616       5073          1
      3618        102        261        122        262       3562       3613       3617       5074          1
      3619        118        120         98        260       3620       3624       3567       4109          1
      3620        120        100         98        260       3621       3619       5075       4108          1
      3621         98        100        250        260       5076       3622       3620       3673          1
      3622         98        250        249        260       3134       3623       3621       3678          1
      3623         98        249        259        260       3133       3624       3622       3627          1
      3624         98        259        118        260       3568       3619       3623       3626          1
      3625        116        118         96        259       3626       3630       3573       4115          1
      3626        118         98         96        259       3627       3625       3624       4114          1
      3627         96         98        249        259       3623       3628       3626       3679          1
      3628         96        249        248        259       3140       3629       3627       3684          1
      3629         96        248        258        259       3139       3630       3628       3633          1
      3630         96        258        116        259       3574       3625       3629       3632          1
      3631        114        116         94        258       3632       3636       3579       4121          1
      3632        116         96         94        258       3633       3631       3630       4120          1
      3633         94         96        248        258       3629       3634       3632       3685          1
      3634         94        248        247        258       3146       3635       3633       3690          1
      3635         94        247        257        258       3145       3636       3634       3639          1
      3636         94        257        114        258       3580       3631       3635       3638          1
      3637        112        114         92        257       3638       3642       3585       4127          1
      3638        114         94         92        257       3639       3637       3636       4126          1
      3639         92         94        247        257       3635       3640       3638       3691          1
      3640         92        247        246        257       3152       3641       3639       3696          1
      3641         92        246        256        257       3151       3642       3640       3645          1
      3642         92        256        112        257       3586       3637       3641       3644          1
      3643        110        112         90        256       3644       3648       3591       4133          1
      3644        112         92         90        256       3645       3643       3642       4132          1
      3645         90         92        246        256       3641       3646       3644       3697          1
      3646         90        246        245        256       3158       3647       3645       3702          1
      3647         90        245        255        256       3157       3648       3646       3651          1
      3648         90        255        110        256       3592       3643       3647       3650          1
      3649        108        110         88        255       3650       3654       3597       4139          1
      3650        110         90         88        255       3651       3649       3648       4138          1
      3651         88         90        245        255       3647       3652       3650       3703          1
      3652         88        245        244        255       3164       3653       3651       3708          1
      3653         88        244        254        255       3163       3654       3652       3657          1
      3654         88        254        108        255       3598       3649       3653       3656          1
      3655        106        108         86        254       3656       3660       3603       4145          1
      3656        108         88         86        254       3657       3655       3654       4144          1
      3657         86         88        244        254       3653       3658       3656       3709          1
      3658         86        244        243        254       3170       3659       3657       3714          1
      3659         86        243        253        254       3169       3660       3658       3663          1
      3660         86        253        106        254       3604       3655       3659       3662          1
      3661        104        106         84        253       3662       3666       3609       4151          1
      3662        106         86         84        253       3663       3661       3660       4150          1
      3663         84         86        243        253       3659       3664       3662       3715          1
      3664         84        243        242        253       3176       3665       3663       3720          1
      3665         84        242        252        253       3175       3666       3664       3669          1
      3666         84        252        104        253       3610       3661       3665       3668          1
      3667        102        104         82        252       3668       3672       3615       4157          1
      3668        104         84         82        252       3669       3667       3666       4156          1
      3669         82         84        242        252       3665       3670       3668       3721          1
      3670         82        242        241        252       3182       3671       3669       3726          1
      3671         82        241        251        252       3181       3672       3670       5077          1
      3672         82        251        102        252       3616       3667       3671       5078          1
      3673         98        100         78        250       3674       3678       3621       4163          1
      3674        100         80         78        250       3675       3673       5079       4162          1
      3675         78         80        240        250       5080       3676       3674       3727          1
      3676         78        240        239        250       3188       3677       3675       3732          1
      3677         78        239        249        250       3187       3678       3676       3681          1
      3678         78        249         98        250       3622       3673       3677       3680          1
      3679         96         98         76        249       3680       3684       3627       4169          1
      3680         98         78         76        249       3681       3679       3678       4168          1
      3681         76         78        239        249       3677       3682       3680       3733          1
      3682         76        239        238        249       3194       3683       3681       3738          1
      3683         76        238        248        249       3193       3684       3682       3687          1
      3684         76        248         96        249       3628       3679       3683       3686          1
      3685         94         96         74        248       3686       3690       3633       4175          1
      3686         96         76         74        248       3687       3685       3684       4174          1
      3687         74         76        238        248       3683       3688       3686       3739          1
      3688         74        238        237        248       3200       3689       3687       3744          1
      3689         74        237        247        248       3199       3690       3688       3693          1
      3690         74        247         94        248       3634       3685       3689       3692          1
      3691         92         94         72        247       3692       3696       3639       4181          1
      3692         94         74         72        247       3693       3691       3690       4180          1
      3693         72         74        237        247       3689       3694       3692       3745          1
      3694         72        237        236        247       3206       3695       3693       3750          1
      3695         72        236        246        247       3205       3696       3694       3699          1
      3696         72        246         92        247       3640       3691       3695       3698          1
      3697         90         92         70        246       3698       3702       3645       4187          1
      3698         92         72         70        246       3699       3697       3696       4186          1
      3699         70         72        236        246       3695       3700       3698       3751          1
      3700         70        236        235        246       3212       3701       3699       3756          1
      3701         70        235        245        246       3211       3702       3700       3705          1
      3702         70        245         90        246       3646       3697       3701       3704          1
      3703         88         90         68        245       3704       3708       3651       4193          1
      3704         90         70         68        245       3705       3703       3702       4192          1
      3705         68         70        235        245       3701       3706       3704       3757          1
      3706         68        235        234        245       3218       3707       3705       3762          1
      3707         68        234        244        245       3217       3708       3706       3711          1
      3708         68        244         88        245       3652       3703       3707       3710          1
      3709         86         88         66        244       3710       3714       3657       4199          1
      3710         88         68         66        244       3711       3709       3708       4198          1
      3711         66         68        234        244       3707       3712       3710       3763          1
      3712         66        234        233        244       3224       3713       3711       3768          1
      3713         66        233        243        244       3223       3714       3712       3717          1
      3714         66        243         86        244       3658       3709       3713       3716          1
      3715         84         86         64        243       3716       3720       3663       4205          1
      3716         86         66         64        243       3717       3715       3714       4204          1
      3717         64         66        233        243       3713       3718       3716       3769          1
      3718         64        233        232        243       3230       3719       3717       3774          1
      3719         64        232        242        243       3229       3720       3718       3723          1
      3720         64        242         84        243       3664       3715       3719       3722          1
      3721         82         84         62        242       3722       3726       3669       4211          1
      3722         84         64         62        242       3723       3721       3720       4210          1
      3723         62         64        232        242       3719       3724       3722       3775          1
      3724         62        232        231        242       3236       3725       3723       3780          1
      3725         62        231        241        242       3235       3726       3724       5081          1
      3726         62        241         82        242       3670       3721       3725       5082          1
      3727         78         80         58        240       3728       3732       3675       4217          1
      3728         80         60         58        240       3729       3727       5083       4216          1
      3729         58         60        230        240       5084       3730       3728       3781          1
      3730         58        230        229        240       3242       3731       3729       3786          1
      3731         58        229        239        240       3241       3732       3730       3735          1
      3732         58        239         78        240       3676       3727       3731       3734          1
      3733         76         78         56        239       3734       3738       3681       4223          1
      3734         78         58         56        239       3735       3733       3732       4222          1
      3735         56         58        229        239       3731       3736       3734       3787          1
      3736         56        229        228        239       3248       3737       3735       3792          1
      3737         56        228        238        239       3247       3738       3736       3741          1
      3738         56        238         76        239       3682       3733       3737       3740          1
      3739         74         76         54        238       3740       3744       3687       4229          1
      3740         76         56         54        238       3741       3739       3738       4228          1
      3741         54         56        228        238       3737       3742       3740       3793          1
      3742         54        228        227        238       3254       3743       3741       3798          1
      3743         54        227        237        238       3253       3744       3742       3747          1
      3744         54        237         74        238       3688       3739       3743       3746          1
      3745         72         74         52        237       3746       3750       3693       4235          1
      3746         74         54         52        237       3747       3745       3744       4234          1
      3747         52         54        227        237       3743       3748       3746       3799          1
      3748         52        227        226        237       3260       3749       3747       3804          1
      3749         52        226        236        237       3259       3750       3748       3753          1
      3750         52        236         72        237       3694       3745       3749       3752          1
      3751         70         72         50        236       3752       3756       3699       4241          1
      3752         72         52         50        236       3753       3751       3750       4240          1
      3753         50         52        226        236       3749       3754       3752       3805          1
      3754         50        226        225        236       3266       3755       3753       3810          1
      3755         50        225        235        236       3265       3756       3754       3759          1
      3756         50        235         70        236       3700       3751       3755       3758          1
      3757         68         70         48        235       3758       3762       3705       4247          1
      3758         70         50         48        235       3759       3757       3756       4246          1
      3759         48         50        225        235       3755       3760       3758       3811          1
      3760         48        225        224        235       3272       3761       3759       3816          1
      3761         48        224        234        235       3271       3762       3760       3765          1
      3762         48        234         68        235       3706       3757       3761       3764          1
      3763         66         68         46        234       3764       3768       3711       4253          1
      3764         68         48         46        234       3765       3763       3762       4252          1
      3765         46         48        224        234       3761       3766       3764       3817          1
      3766         46        224        223        234       3278       3767       3765       3822          1
      3767         46        223        233        234       3277       3768       3766       3771          1
      3768         46        233         66        234       3712       3763       3767       3770          1
      3769         64         66         44        233       3770       3774       3717       4259          1
      3770         66         46         44        233       3771       3769       3768       4258          1
      3771         44         46        223        233       3767       3772       3770       3823          1
      3772         44        223        222        233       3284       3773       3771       3828          1
      3773         44        222        232        233       3283       3774       3772       3777          1
      3774         44        232         64        233       3718       3769       3773       3776          1
      3775         62         64         42        232       3776       3780       3723       4265          1
      3776         64         44         42        232       3777       3775       3774       4264          1
      3777         42         44        222        232       3773       3778       3776       3829          1
      3778         42        222        221        232       3290       3779       3777       3834          1
      3779         42        221        231        232       3289       3780       3778       5085          1
      3780         42        231         62        232       3724       3775       3779       5086          1
      3781         58         60         36        230       3782       3786       3729       4271          1
      3782         60         40         36        230       3783       3781       5087       4270          1
      3783         36         40        220        230       5088       3784       3782       3835          1
      3784         36        220        218        230       3296       3785       3783       3840          1
      3785         36        218        229        230       3295       3786       3784       3789          1
      3786         36        229         58        230       3730       3781       3785       3788          1
      3787         56         58         32        229       3788       3792       3735       4277          1
      3788         58         36         32        229       3789       3787       3786       4276          1
      3789         32         36        218        229       3785       3790       3788       3841          1
      3790         32        218        216        229       3302       3791       3789       3846          1
      3791         32        216        228        229       3301       3792       3790       3795          1
      3792         32        228         56        229       3736       3787       3791       3794          1
      3793         54         56         28        228       3794       3798       3741       4283          1
      3794         56         32         28        228       3795       3793       3792       4282          1
      3795         28         32        216        228       3791       3796       3794       3847          1
      3796         28        216        214        228       3308       3797       3795       3852          1
      3797         28        214        227        228       3307       3798       3796       3801          1
      3798         28        227         54        228       3742       3793       3797       3800          1
      3799         52         54         24        227       3800       3804       3747       4289          1
      3800         54         28         24        227       3801       3799       3798       4288          1
      3801         24         28        214        227       3797       3802       3800       3853          1
      3802         24        214        212        227       3314       3803       3801       3858          1
      3803         24        212        226        227       3313       3804       3802       3807          1
      3804         24        226         52        227       3748       3799       3803       3806          1
      3805         50         52         20        226       3806       3810       3753       4295          1
      3806         52         24         20        226       3807       3805       3804       4294          1
      3807         20         24        212        226       3803       3808       3806       3859          1
      3808         20        212        210        226       3320       3809       3807       3864          1
      3809         20        210        225        226       3319       3810       3808       3813          1
      3810         20        225         50        226       3754       3805       3809       3812          1
      3811         48         50         16        225       3812       3816       3759       4301          1
      3812         50         20         16        225       3813       3811       3810       4300          1
      3813         16         20        210        225       3809       3814       3812       3865          1
      3814         16        210        208        225       3326       3815       3813       3870          1
      3815         16        208        224        225       3325       3816       3814       3819          1
      3816         16        224         48        225       3760       3811       3815       3818          1
      3817         46         48         12        224       3818       3822       3765       4307          1
      3818         48         16         12        224       3819       3817       3816       4306          1
      3819         12         16        208        224       3815       3820       3818       3871          1
      3820         12        208        206        224       3332       3821       3819       3876          1
      3821         12        206        223        224       3331       3822       3820       3825          1
      3822         12        223         46        224       3766       3817       3821       3824          1
      3823         44         46          8        223       3824       3828       3771       4313          1
      3824         46         12          8        223       3825       3823       3822       4312          1
      3825          8         12        206        223       3821       3826       3824       3877          1
      3826          8        206        204        223       3338       3827       3825       3882          1
      3827          8        204        222        223       3337       3828       3826       3831          1
      3828          8        222         44        223       3772       3823       3827       3830          1
      3829         42         44          4        222       3830       3834       3777       4319          1
      3830         44          8          4        222       3831       3829       3828       4318          1
      3831          4          8        204        222       3827       3832       3830       3883          1
      3832          4        204        202        222       3344       3833       3831       3888          1
      3833          4        202        221        222       3343       3834       3832       5089          1
      3834          4        221         42        222       3778       3829       3833       5090          1
      3835         36         40         34        220       3836       3840       3783       4325          1
      3836         40         38         34        220       3837       3835       5091       4324          1
      3837         34         38        219        220       5092       3838       3836       5093          1
      3838         34        219        217        220       3350       3839       3837       5094          1
      3839         34        217        218        220       3349       3840       3838       3843          1
      3840         34        218         36        220       3784       3835       3839       3842          1
      3841         32         36         30        218       3842       3846       3789       4331          1
      3842         36         34         30        218       3843       3841       3840       4330          1
      3843         30         34        217        218       3839       3844       3842       5095          1
      3844         30        217        215        218       3356       3845       3843       5096          1
      3845         30        215        216        218       3355       3846       3844       3849          1
      3846         30        216         32        218       3790       3841       3845       3848          1
      3847         28         32         26        216       3848       3852       3795       4337          1
      3848         32         30         26        216       3849       3847       3846       4336          1
      3849         26         30        215        216       3845       3850       3848       5097          1
      3850         26        215        213        216       3362       3851       3849       5098          1
      3851         26        213        214        216       3361       3852       3850       3855          1
      3852         26        214         28        216       3796       3847       3851       3854          1
      3853         24         28         22        214       3854       3858       3801       4343          1
      3854         28         26         22        214       3855       3853       3852       4342          1
      3855         22         26        213        214       3851       3856       3854       5099          1
      3856         22        213        211        214       3368       3857       3855       5100          1
      3857         22        211        212        214       3367       3858       3856       3861          1
      3858         22        212         24        214       3802       3853       3857       3860          1
      3859         20         24         18        212       3860       3864       3807       4349          1
      3860         24         22         18        212       3861       3859       3858       4348          1
      3861         18         22        211        212       3857       3862       3860       5101          1
      3862         18        211        209        212       3374       3863       3861       5102          1
      3863         18        209        210        212       3373       3864       3862       3867          1
      3864         18        210         20        212       3808       3859       3863       3866          1
      3865         16         20         14        210       3866       3870       3813       4355          1
      3866         20         18         14        210       3867       3865       3864       4354          1
      3867         14         18        209        210       3863       3868       3866       5103          1
      3868         14        209        207        210       3380       3869       3867       5104          1
      3869         14        207        208        210       3379       3870       3868       3873          1
      3870         14        208         16        210       3814       3865       3869       3872          1
      3871         12         16         10        208       3872       3876       3819       4361          1
      3872         16         14         10        208       3873       3871       3870       4360          1
      3873         10         14        207        208       3869       3874       3872       5105          1
      3874         10        207        205        208       3386       3875       3873       5106          1
      3875         10        205        206        208       3385       3876       3874       3879          1
      3876         10        206         12        208       3820       3871       3875       3878          1
      3877          8         12          6        206       3878       3882       3825       4367          1
      3878         12         10          6        206       3879       3877       3876       4366          1
      3879          6         10        205        206       3875       3880       3878       5107          1
      3880          6        205        203        206       3392       3881       3879       5108          1
      3881          6        203        204        206       3391       3882       3880       3885          1
      3882          6        204          8        206       3826       3877       3881       3884          1
      3883          4          8          2        204       3884       3888       3831       4373          1
      3884          8          6          2        204       3885       3883       3882       4372          1
      3885          2          6        203        204       3881       3886       3884       5109          1
      3886          2        203        201        204       3398       3887       3885       5110          1
      3887          2        201        202        204       3397       3888       3886       5111          1
      3888          2        202          4        204       3832       3883       3887       5112          1
      3889        197        199        177        200       3890       3894       5113       5114          1
      3890        199        179        177        200       3891       3889       5115       5116          1
      3891        177        179        180        200       5117       3892       3890       3943          1
      3892        177        180        178        200       3404       3893       3891       3948          1
      3893        177        178        198        200       3403       3894       3892       3897          1
      3894        177        198        197        200       5118       3889       3893       3896          1
      3895        195        197        175        198       3896       3900       5119       5120          1
      3896        197        177        175        198       3897       3895       3894       5121          1
      3897        175        177        178        198       3893       3898       3896       3949          1
      3898        175        178        176        198       3410       3899       3897       3954          1
      3899        175        176        196        198       3409       3900       3898       3903          1
      3900        175        196        195        198       5122       3895       3899       3902          1
      3901        193        195        173        196       3902       3906       5123       5124          1
      3902        195        175        173        196       3903       3901       3900       5125          1
      3903        173        175        176        196       3899       3904       3902       3955          1
      3904        173        176        174        196       3416       3905       3903       3960          1
      3905        173        174        194        196       3415       3906       3904       3909          1
      3906        173        194        193        196       5126       3901       3905       3908          1
      3907        191        193        171        194       3908       3912       5127       5128          1
      3908        193        173        171        194       3909       3907       3906       5129          1
      3909        171        173        174        194       3905       3910       3908       3961          1
      3910        171        174        172        194       3422       3911       3909       3966          1
      3911        171        172        192        194       3421       3912       3910       3915          1
      3912        171        192        191        194       5130       3907       3911       3914          1
      3913        189        191        169        192       3914       3918       5131       5132          1
      3914        191        171        169        192       3915       3913       3912       5133          1
      3915        169        171        172        192       3911       3916       3914       3967          1
      3916        169        172        170        192       3428       3917       3915       3972          1
      3917        169        170        190        192       3427       3918       3916       3921          1
      3918        169        190        189        192       5134       3913       3917       3920          1
      3919        187        189        167        190       3920       3924       5135       5136          1
      3920        189        169        167        190       3921       3919       3918       5137          1
      3921        167        169        170        190       3917       3922       3920       3973          1
      3922        167        170        168        190       3434       3923       3921       3978          1
      3923        167        168        188        190       3433       3924       3922       3927          1
      3924        167        188        187        190       5138       3919       3923       3926          1
      3925        185        187        165        188       3926       3930       5139       5140          1
      3926        187        167        165        188       3927       3925       3924       5141          1
      3927        165        167        168        188       3923       3928       3926       3979          1
      3928        165        168        166        188       3440       3929       3927       3984          1
      3929        165        166        186        188       3439       3930       3928       3933          1
      3930        165        186        185        188       5142       3925       3929       3932          1
      3931        183        185        163        186       3932       3936       5143       5144          1
      3932        185        165        163        186       3933       3931       3930       5145          1
      3933        163        165        166        186       3929       3934       3932       3985          1
      3934        163        166        164        186       3446       3935       3933       3990          1
      3935        163        164        184        186       3445       3936       3934       3939          1
      3936        163        184        183        186       5146       3931       3935       3938          1
      3937        181        183        161        184       3938       3942       5147       5148          1
      3938        183        163        161        184       3939       3937       3936       5149          1
      3939        161        163        164        184       3935       3940       3938       3991          1
      3940        161        164        162        184       3452       3941       3939       3996          1
      3941        161        162        182        184       3451       3942       3940       5150          1
      3942        161        182        181        184       5151       3937       3941       5152          1
      3943        177        179        157        180       3944       3948       3891       5153          1
      3944        179        159        157        180       3945       3943       5154       5155          1
      3945        157        159        160        180       5156       3946       3944       3997          1
      3946        157        160        158        180       3458       3947       3945       4002          1
      3947        157        158        178        180       3457       3948       3946       3951          1
      3948        157        178        177        180       3892       3943       3947       3950          1
      3949        175        177        155        178       3950       3954       3897       5157          1
      3950        177        157        155        178       3951       3949       3948       5158          1
      3951        155        157        158        178       3947       3952       3950       4003          1
      3952        155        158        156        178       3464       3953       3951       4008          1
      3953        155        156        176        178       3463       3954       3952       3957          1
      3954        155        176        175        178       3898       3949       3953       3956          1
      3955        173        175        153        176       3956       3960       3903       5159          1
      3956        175        155        153        176       3957       3955       3954       5160          1
      3957        153        155        156        176       3953       3958       3956       4009          1
      3958        153        156        154        176       3470       3959       3957       4014          1
      3959        153        154        174        176       3469       3960       3958       3963          1
      3960        153        174        173        176       3904       3955       3959       3962          1
      3961        171        173        151        174       3962       3966       3909       5161          1
      3962        173        153        151        174       3963       3961       3960       5162          1
      3963        151        153        154        174       3959       3964       3962       4015          1
      3964        151        154        152        174       3476       3965       3963       4020          1
      3965        151        152        172        174       3475       3966       3964       3969          1
      3966        151        172        171        174       3910       3961       3965       3968          1
      3967        169        171        149        172       3968       3972       3915       5163          1
      3968        171        151        149        172       3969       3967       3966       5164          1
      3969        149        151        152        172       3965       3970       3968       4021          1
      3970        149        152        150        172       3482       3971       3969       4026          1
      3971        149        150        170        172       3481       3972       3970       3975          1
      3972        149        170        169        172       3916       3967       3971       3974          1
      3973        167        169        147        170       3974       3978       3921       5165          1
      3974        169        149        147        170       3975       3973       3972       5166          1
      3975        147        149        150        170       3971       3976       3974       4027          1
      3976        147        150        148        170       3488       3977       3975       4032          1
      3977        147        148        168        170       3487       3978       3976       3981          1
      3978        147        168        167        170       3922       3973       3977       3980          1
      3979        165        167        145        168       3980       3984       3927       5167          1
      3980        167        147        145        168       3981       3979       3978       5168          1
      3981        145        147        148        168       3977       3982       3980       4033          1
      3982        145        148        146        168       3494       3983       3981       4038          1
      3983        145        146        166        168       3493       3984       3982       3987          1
      3984        145        166        165        168       3928       3979       3983       3986          1
      3985        163        165        143        166       3986       3990       3933       5169          1
      3986        165        145        143        166       3987       3985       3984       5170          1
      3987        143        145        146        166       3983       3988       3986       4039          1
      3988        143        146        144        166       3500       3989       3987       4044          1
      3989        143        144        164        166       3499       3990       3988       3993          1
      3990        143        164        163        166       3934       3985       3989       3992          1
      3991        161        163        141        164       3992       3996       3939       5171          1
      3992        163        143        141        164       3993       3991       3990       5172          1
      3993        141        143        144        164       3989       3994       3992       4045          1
      3994        141        144        142        164       3506       3995       3993       4050          1
      3995        141        142        162        164       3505       3996       3994       5173          1
      3996        141        162        161        164       3940       3991       3995       5174          1
      3997        157        159        137        160       3998       4002       3945       5175          1
      3998        159        139        137        160       3999       3997       5176       5177          1
      3999        137        139        140        160       5178       4000       3998       4051          1
      4000        137        140        138        160       3512       4001       3999       4056          1
      4001        137        138        158        160       3511       4002       4000       4005          1
      4002        137        158        157        160       3946       3997       4001       4004          1
      4003        155        157        135        158       4004       4008       3951       5179          1
      4004        157        137        135        158       4005       4003       4002       5180          1
      4005        135        137        138        158       4001       4006       4004       4057          1
      4006        135        138        136        158       3518       4007       4005       4062          1
      4007        135        136        156        158       3517       4008       4006       4011          1
      4008        135        156        155        158       3952       4003       4007       4010          1
      4009        153        155        133        156       4010       4014       3957       5181          1
      4010        155        135        133        156       4011       4009       4008       5182          1
      4011        133        135        136        156       4007       4012       4010       4063          1
      4012        133        136        134        156       3524       4013       4011       4068          1
      4013        133        134        154        156       3523       4014       4012       4017          1
      4014        133        154        153        156       3958       4009       4013       4016          1
      4015        151        153        131        154       4016       4020       3963       5183          1
      4016        153        133        131        154       4017       4015       4014       5184          1
      4017        131        133        134        154       4013       4018       4016       4069          1
      4018        131        134        132        154       3530       4019       4017       4074          1
      4019        131        132        152        154       3529       4020       4018       4023          1
      4020        131        152        151        154       3964       4015       4019       4022          1
      4021        149        151        129        152       4022       4026       3969       5185          1
      4022        151        131        129        152       4023       4021       4020       5186          1
      4023        129        131        132        152       4019       4024       4022       4075          1
      4024        129        132        130        152       3536       4025       4023       4080          1
      4025        129        130        150        152       3535       4026       4024       4029          1
      4026        129        150        149        152       3970       4021       4025       4028          1
      4027        147        149        127        150       4028       4032       3975       5187          1
      4028        149        129        127        150       4029       4027       4026       5188          1
      4029        127        129        130        150       4025       4030       4028       4081          1
      4030        127        130        128        150       3542       4031       4029       4086          1
      4031        127        128        148        150       3541       4032       4030       4035          1
      4032        127        148        147        150       3976       4027       4031       4034          1
      4033        145        147        125        148       4034       4038       3981       5189          1
      4034        147        127        125        148       4035       4033       4032       5190          1
      4035        125        127        128        148       4031       4036       4034       4087          1
      4036        125        128        126        148       3548       4037       4035       4092          1
      4037        125        126        146        148       3547       4038       4036       4041          1
      4038        125        146        145        148       3982       4033       4037       4040          1
      4039        143        145        123        146       4040       4044       3987       5191          1
      4040        145        125        123        146       4041       4039       4038       5192          1
      4041        123        125        126        146       4037       4042       4040       4093          1
      4042        123        126        124        146       3554       4043       4041       4098          1
      4043        123        124        144        146       3553       4044       4042       4047          1
      4044        123        144        143        146       3988       4039       4043       4046          1
      4045        141        143        121        144       4046       4050       3993       5193          1
      4046        143        123        121        144       4047       4045       4044       5194          1
      4047        121        123        124        144       4043       4048       4046       4099          1
      4048        121        124        122        144       3560       4049       4047       4104          1
      4049        121        122        142        144       3559       4050       4048       5195          1
      4050        121        142        141        144       3994       4045       4049       5196          1
      4051        137        139        117        140       4052       4056       3999       5197          1
      4052        139        119        117        140       4053       4051       5198       5199          1
      4053        117        119        120        140       5200       4054       4052       4105          1
      4054        117        120        118        140       3566       4055       4053       4110          1
      4055        117        118        138        140       3565       4056       4054       4059          1
      4056        117        138        137        140       4000       4051       4055       4058          1
      4057        135        137        115        138       4058       4062       4005       5201          1
      4058        137        117        115        138       4059       4057       4056       5202          1
      4059        115        117        118        138       4055       4060       4058       4111          1
      4060        115        118        116        138       3572       4061       4059       4116          1
      4061        115        116        136        138       3571       4062       4060       4065          1
      4062        115        136        135        138       4006       4057       4061       4064          1
      4063        133        135        113        136       4064       4068       4011       5203          1
      4064        135        115        113        136       4065       4063       4062       5204          1
      4065        113        115        116        136       4061       4066       4064       4117          1
      4066        113        116        114        136       3578       4067       4065       4122          1
      4067        113        114        134        136       3577       4068       4066       4071          1
      4068        113        134        133        136       4012       4063       4067       4070          1
      4069        131        133        111        134       4070       4074       4017       5205          1
      4070        133        113        111        134       4071       4069       4068       5206          1
      4071        111        113        114        134       4067       4072       4070       4123          1
      4072        111        114        112        134       3584       4073       4071       4128          1
      4073        111        112        132        134       3583       4074       4072       4077          1
      4074        111        132        131        134       4018       4069       4073       4076          1
      4075        129        131        109        132       4076       4080       4023       5207          1
      4076        131        111        109        132       4077       4075       4074       5208          1
      4077        109        111        112        132       4073       4078       4076       4129          1
      4078        109        112        110        132       3590       4079       4077       4134          1
      4079        109        110        130        132       3589       4080       4078       4083          1
      4080        109        130        129        132       4024       4075       4079       4082          1
      4081        127        129        107        130       4082       4086       4029       5209          1
      4082        129        109        107        130       4083       4081       4080       5210          1
      4083        107        109        110        130       4079       4084       4082       4135          1
      4084        107        110        108        130       3596       4085       4083       4140          1
      4085        107        108        128        130       3595       4086       4084       4089          1
      4086        107        128        127        130       4030       4081       4085       4088          1
      4087        125        127        105        128       4088       4092       4035       5211          1
      4088        127        107        105        128       4089       4087       4086       5212          1
      4089        105        107        108        128       4085       4090       4088       4141          1
      4090        105        108        106        128       3602       4091       4089       4146          1
      4091        105        106        126        128       3601       4092       4090       4095          1
      4092        105        126        125        128       4036       4087       4091       4094          1
      4093        123        125        103        126       4094       4098       4041       5213          1
      4094        125        105        103        126       4095       4093       4092       5214          1
      4095        103        105        106        126       4091       4096       4094       4147          1
      4096        103        106        104        126       3608       4097       4095       4152          1
      4097        103        104        124        126       3607       4098       4096       4101          1
      4098        103        124        123        126       4042       4093       4097       4100          1
      4099        121        123        101        124       4100       4104       4047       5215          1
      4100        123        103        101        124       4101       4099       4098       5216          1
      4101        101        103        104        124       4097       4102       4100       4153          1
      4102        101        104        102        124       3614       4103       4101       4158          1
      4103        101        102        122        124       3613       4104       4102       5217          1
      4104        101        122        121        124       4048       4099       4103       5218          1
      4105        117        119         97        120       4106       4110       4053       5219          1
      4106        119         99         97        120       4107       4105       5220       5221          1
      4107         97         99        100        120       5222       4108       4106       4159          1
      4108         97        100         98        120       3620       4109       4107       4164          1
      4109         97         98        118        120       3619       4110       4108       4113          1
      4110         97        118        117        120       4054       4105       4109       4112          1
      4111        115        117         95        118       4112       4116       4059       5223          1
      4112        117         97         95        118       4113       4111       4110       5224          1
      4113         95         97         98        118       4109       4114       4112       4165          1
      4114         95         98         96        118       3626       4115       4113       4170          1
      4115         95         96        116        118       3625       4116       4114       4119          1
      4116         95        116        115        118       4060       4111       4115       4118          1
      4117        113        115         93        116       4118       4122       4065       5225          1
      4118        115         95         93        116       4119       4117       4116       5226          1
      4119         93         95         96        116       4115       4120       4118       4171          1
      4120         93         96         94        116       3632       4121       4119       4176          1
      4121         93         94        114        116       3631       4122       4120       4125          1
      4122         93        114        113        116       4066       4117       4121       4124          1
      4123        111        113         91        114       4124       4128       4071       5227          1
      4124        113         93         91        114       4125       4123       4122       5228          1
      4125         91         93         94        114       4121       4126       4124       4177          1
      4126         91         94         92        114       3638       4127       4125       4182          1
      4127         91         92        112        114       3637       4128       4126       4131          1
      4128         91        112        111        114       4072       4123       4127       4130          1
      4129        109        111         89        112       4130       4134       4077       5229          1
      4130        111         91         89        112       4131       4129       4128       5230          1
      4131         89         91         92        112       4127       4132       4130       4183          1
      4132         89         92         90        112       3644       4133       4131       4188          1
      4133         89         90        110        112       3643       4134       4132       4137          1
      4134         89        110        109        112       4078       4129       4133       4136          1
      4135        107        109         87        110       4136       4140       4083       5231          1
      4136        109         89         87        110       4137       4135       4134       5232          1
      4137         87         89         90        110       4133       4138       4136       4189          1
      4138         87         90         88        110       3650       4139       4137       4194          1
      4139         87         88        108        110       3649       4140       4138       4143          1
      4140         87        108        107        110       4084       4135       4139       4142          1
      4141        105        107         85        108       4142       4146       4089       5233          1
      4142        107         87         85        108       4143       4141       4140       5234          1
      4143         85         87         88        108       4139       4144       4142       4195          1
      4144         85         88         86        108       3656       4145       4143       4200          1
      4145         85         86        106        108       3655       4146       4144       4149          1
      4146         85        106        105        108       4090       4141       4145       4148          1
      4147        103        105         83        106       4148       4152       4095       5235          1
      4148        105         85         83        106       4149       4147       4146       5236          1
      4149         83         85         86        106       4145       4150       4148       4201          1
      4150         83         86         84        106       3662       4151       4149       4206          1
      4151         83         84        104        106       3661       4152       4150       4155          1
      4152         83        104        103        106       4096       4147       4151       4154          1
      4153        101        103         81        104       4154       4158       4101       5237          1
      4154        103         83         81        104       4155       4153       4152       5238          1
      4155         81         83         84        104       4151       4156       4154       4207          1
      4156         81         84         82        104       3668       4157       4155       4212          1
      4157         81         82        102        104       3667       4158       4156       5239          1
      4158         81        102        101        104       4102       4153       4157       5240          1
      4159         97         99         77        100       4160       4164       4107       5241          1
      4160         99         79         77        100       4161       4159       5242       5243          1
      4161         77         79         80        100       5244       4162       4160       4213          1
      4162         77         80         78        100       3674       4163       4161       4218          1
      4163         77         78         98        100       3673       4164       4162       4167          1
      4164         77         98         97        100       4108       4159       4163       4166          1
      4165         95         97         75         98       4166       4170       4113       5245          1
      4166         97         77         75         98       4167       4165       4164       5246          1
      4167         75         77         78         98       4163       4168       4166       4219          1
      4168         75         78         76         98       3680       4169       4167       4224          1
      4169         75         76         96         98       3679       4170       4168       4173          1
      4170         75         96         95         98       4114       4165       4169       4172          1
      4171         93         95         73         96       4172       4176       4119       5247          1
      4172         95         75         73         96       4173       4171       4170       5248          1
      4173         73         75         76         96       4169       4174       4172       4225          1
      4174         73         76         74         96       3686       4175       4173       4230          1
      4175         73         74         94         96       3685       4176       4174       4179          1
      4176         73         94         93         96       4120       4171       4175       4178          1
      4177         91         93         71         94       4178       4182       4125       5249          1
      4178         93         73         71         94       4179       4177       4176       5250          1
      4179         71         73         74         94       4175       4180       4178       4231          1
      4180         71         74         72         94       3692       4181       4179       4236          1
      4181         71         72         92         94       3691       4182       4180       4185          1
      4182         71         92         91         94       4126       4177       4181       4184          1
      4183         89         91         69         92       4184       4188       4131       5251          1
      4184         91         71         69         92       4185       4183       4182       5252          1
      4185         69         71         72         92       4181       4186       4184       4237          1
      4186         69         72         70         92       3698       4187       4185       4242          1
      4187         69         70         90         92       3697       4188       4186       4191          1
      4188         69         90         89         92       4132       4183       4187       4190          1
      4189         87         89         67         90       4190       4194       4137       5253          1
      4190         89         69         67         90       4191       4189       4188       5254          1
      4191         67         69         70         90       4187       4192       4190       4243          1
      4192         67         70         68         90       3704       4193       4191       4248          1
      4193         67         68         88         90       3703       4194       4192       4197          1
      4194         67         88         87         90       4138       4189       4193       4196          1
      4195         85         87         65         88       4196       4200       4143       5255          1
      4196         87         67         65         88       4197       4195       4194       5256          1
      4197         65         67         68         88       4193       4198       4196       4249          1
      4198         65         68         66         88       3710       4199       4197       4254          1
      4199         65         66         86         88       3709       4200       4198       4203          1
      4200         65         86         85         88       4144       4195       4199       4202          1
      4201         83         85         63         86       4202       4206       4149       5257          1
      4202         85         65         63         86       4203       4201       4200       5258          1
      4203         63         65         66         86       4199       4204       4202       4255          1
      4204         63         66         64         86       3716       4205       4203       4260          1
      4205         63         64         84         86       3715       4206       4204       4209          1
      4206         63         84         83         86       4150       4201       4205       4208          1
      4207         81         83         61         84       4208       4212       4155       5259          1
      4208         83         63         61         84       4209       4207       4206       5260          1
      4209         61         63         64         84       4205       4210       4208       4261          1
      4210         61         64         62         84       3722       4211       4209       4266          1
      4211         61         62         82         84       3721       4212       4210       5261          1
      4212         61         82         81         84       4156       4207       4211       5262          1
      4213         77         79         57         80       4214       4218       4161       5263          1
      4214         79         59         57         80       4215       4213       5264       5265          1
      4215         57         59         60         80       5266       4216       4214       4267          1
      4216         57         60         58         80       3728       4217       4215       4272          1
      4217         57         58         78         80       3727       4218       4216       4221          1
      4218         57         78         77         80       4162       4213       4217       4220          1
      4219         75         77         55         78       4220       4224       4167       5267          1
      4220         77         57         55         78       4221       4219       4218       5268          1
      4221         55         57         58         78       4217       4222       4220       4273          1
      4222         55         58         56         78       3734       4223       4221       4278          1
      4223         55         56         76         78       3733       4224       4222       4227          1
      4224         55         76         75         78       4168       4219       4223       4226          1
      4225         73         75         53         76       4226       4230       4173       5269          1
      4226         75         55         53         76       4227       4225       4224       5270          1
      4227         53         55         56         76       4223       4228       4226       4279          1
      4228         53         56         54         76       3740       4229       4227       4284          1
      4229         53         54         74         76       3739       4230       4228       4233          1
      4230         53         74         73         76       4174       4225       4229       4232          1
      4231         71         73         51         74       4232       4236       4179       5271          1
      4232         73         53         51         74       4233       4231       4230       5272          1
      4233         51         53         54         74       4229       4234       4232       4285          1
      4234         51         54         52         74       3746       4235       4233       4290          1
      4235         51         52         72         74       3745       4236       4234       4239          1
      4236         51         72         71         74       4180       4231       4235       4238          1
      4237         69         71         49         72       4238       4242       4185       5273          1
      4238         71         51         49         72       4239       4237       4236       5274          1
      4239         49         51         52         72       4235       4240       4238       4291          1
      4240         49         52         50         72       3752       4241       4239       4296          1
      4241         49         50         70         72       3751       4242       4240       4245          1
      4242         49         70         69         72       4186       4237       4241       4244          1
      4243         67         69         47         70       4244       4248       4191       5275          1
      4244         69         49         47         70       4245       4243       4242       5276          1
      4245         47         49         50         70       4241       4246       4244       4297          1
      4246         47         50         48         70       3758       4247       4245       4302          1
      4247         47         48         68         70       3757       4248       4246       4251          1
      4248         47         68         67         70       4192       4243       4247       4250          1
      4249         65         67         45         68       4250       4254       4197       5277          1
      4250         67         47         45         68       4251       4249       4248       5278          1
      4251         45         47         48         68       4247       4252       4250       4303          1
      4252         45         48         46         68       3764       4253       4251       4308          1
      4253         45         46         66         68       3763       4254       4252       4257          1
      4254         45         66         65         68       4198       4249       4253       4256          1
      4255         63         65         43         66       4256       4260       4203       5279          1
      4256         65         45         43         66       4257       4255       4254       5280          1
      4257         43         45         46         66       4253       4258       4256       4309          1
      4258         43         46         44         66       3770       4259       4257       4314          1
      4259         43         44         64         66       3769       4260       4258       4263          1
      4260         43         64         63         66       4204       4255       4259       4262          1
      4261         61         63         41         64       4262       4266       4209       5281          1
      4262         63         43         41         64       4263       4261       4260       5282          1
      4263         41         43         44         64       4259       4264       4262       4315          1
      4264         41         44         42         64       3776       4265       4263       4320          1
      4265         41         42         62         64       3775       4266       4264       5283          1
      4266         41         62         61         64       4210       4261       4265       5284          1
      4267         57         59         35         60       4268       4272       4215       5285          1
      4268         59         39         35         60       4269       4267       5286       5287          1
      4269         35         39         40         60       5288       4270       4268       4321          1
      4270         35         40         36         60       3782       4271       4269       4326          1
      4271         35         36         58         60       3781       4272       4270       4275          1
      4272         35         58         57         60       4216       4267       4271       4274          1
      4273         55         57         31         58       4274       4278       4221       5289          1
      4274         57         35         31         58       4275       4273       4272       5290          1
      4275         31         35         36         58       4271       4276       4274       4327          1
      4276         31         36         32         58       3788       4277       4275       4332          1
      4277         31         32         56         58       3787       4278       4276       4281          1
      4278         31         56         55         58       4222       4273       4277       4280          1
      4279         53         55         27         56       4280       4284       4227       5291          1
      4280         55         31         27         56       4281       4279       4278       5292          1
      4281         27         31         32         56       4277       4282       4280       4333          1
      4282         27         32         28         56       3794       4283       4281       4338          1
      4283         27         28         54         56       3793       4284       4282       4287          1
      4284         27         54         53         56       4228       4279       4283       4286          1
      4285         51         53         23         54       4286       4290       4233       5293          1
      4286         53         27         23         54       4287       4285       4284       5294          1
      4287         23         27         28         54       4283       4288       4286       4339          1
      4288         23         28         24         54       3800       4289       4287       4344          1
      4289         23         24         52         54       3799       4290       4288       4293          1
      4290         23         52         51         54       4234       4285       4289       4292          1
      4291         49         51         19         52       4292       4296       4239       5295          1
      4292         51         23         19         52       4293       4291       4290       5296          1
      4293         19         23         24         52       4289       4294       4292       4345          1
      4294         19         24         20         52       3806       4295       4293       4350          1
      4295         19         20         50         52       3805       4296       4294       4299          1
      4296         19         50         49         52       4240       4291       4295       4298          1
      4297         47         49         15         50       4298       4302       4245       5297          1
      4298         49         19         15         50       4299       4297       4296       5298          1
      4299         15         19         20         50       4295       4300       4298       4351          1
      4300         15         20         16         50       3812       4301       4299       4356          1
      4301         15         16         48         50       3811       4302       4300       4305          1
      4302         15         48         47         50       4246       4297       4301       4304          1
      4303         45         47         11         48       4304       4308       4251       5299          1
      4304         47         15         11         48       4305       4303       4302       5300          1
      4305         11         15         16         48       4301       4306       4304       4357          1
      4306         11         16         12         48       3818       4307       4305       4362          1
      4307         11         12         46         48       3817       4308       4306       4311          1
      4308         11         46         45         48       4252       4303       4307       4310          1
      4309         43         45          7         46       4310       4314       4257       5301          1
      4310         45         11          7         46       4311       4309       4308       5302          1
      4311          7         11         12         46       4307       4312       4310       4363          1
      4312          7         12          8         46       3824       4313       4311       4368          1
      4313          7          8         44         46       3823       4314       4312       4317          1
      4314          7         44         43         46       4258       4309       4313       4316          1
      4315         41         43          3         44       4316       4320       4263       5303          1
      4316         43          7          3         44       4317       4315       4314       5304          1
      4317          3          7          8         44       4313       4318       4316       4369          1
      4318          3          8          4         44       3830       4319       4317       4374          1
      4319          3          4         42         44       3829       4320       4318       5305          1
      4320          3         42         41         44       4264       4315       4319       5306          1
      4321         35         39         33         40       4322       4326       4269       5307          1
      4322         39         37         33         40       4323       4321       5308       5309          1
      4323         33         37         38         40       5310       4324       4322       5311          1
      4324         33         38         34         40       3836       4325       4323       5312          1
      4325         33         34         36         40       3835       4326       4324       4329          1
      4326         33         36         35         40       4270       4321       4325       4328          1
      4327         31         35         29         36       4328       4332       4275       5313          1
      4328         35         33         29         36       4329       4327       4326       5314          1
      4329         29         33         34         36       4325       4330       4328       5315          1
      4330         29         34         30         36       3842       4331       4329       5316          1
      4331         29         30         32         36       3841       4332       4330       4335          1
      4332         29         32         31         36       4276       4327       4331       4334          1
      4333         27         31         25         32       4334       4338       4281       5317          1
      4334         31         29         25         32       4335       4333       4332       5318          1
      4335         25         29         30         32       4331       4336       4334       5319          1
      4336         25         30         26         32       3848       4337       4335       5320          1
      4337         25         26         28         32       3847       4338       4336       4341          1
      4338         25         28         27         32       4282       4333       4337       4340          1
      4339         23         27         21         28       4340       4344       4287       5321          1
      4340         27         25         21         28       4341       4339       4338       5322          1
      4341         21         25         26         28       4337       4342       4340       5323          1
      4342         21         26         22         28       3854       4343       4341       5324          1
      4343         21         22         24         28       3853       4344       4342       4347          1
      4344         21         24         23         28       4288       4339       4343       4346          1
      4345         19         23         17         24       4346       4350       4293       5325          1
      4346         23         21         17         24       4347       4345       4344       5326          1
      4347         17         21         22         24       4343       4348       4346       5327          1
      4348         17         22         18         24       3860       4349       4347       5328          1
      4349         17         18         20         24       3859       4350       4348       4353          1
      4350         17         20         19         24       4294       4345       4349       4352          1
      4351         15         19         13         20       4352       4356       4299       5329          1
      4352         19         17         13         20       4353       4351       4350       5330          1
      4353         13         17         18         20       4349       4354       4352       5331          1
      4354         13         18         14         20       3866       4355       4353       5332          1
      4355         13         14         16         20       3865       4356       4354       4359          1
      4356         13         16         15         20       4300       4351       4355       4358          1
      4357         11         15          9         16       4358       4362       4305       5333          1
      4358         15         13          9         16       4359       4357       4356       5334          1
      4359          9         13         14         16       4355       4360       4358       5335          1
      4360          9         14         10         16       3872       4361       4359       5336          1
      4361          9         10         12         16       3871       4362       4360       4365          1
      4362          9         12         11         16       4306       4357       4361       4364          1
      4363          7         11          5         12       4364       4368       4311       5337          1
      4364         11          9          5         12       4365       4363       4362       5338          1
      4365          5          9         10         12       4361       4366       4364       5339          1
      4366          5         10          6         12       3878       4367       4365       5340          1
      4367          5          6          8         12       3877       4368       4366       4371          1
      4368          5          8          7         12       4312       4363       4367       4370          1
      4369          3          7          1          8       4370       4374       4317       5341          1
      4370          7          5          1          8       4371       4369       4368       5342          1
      4371          1          5          6          8       4367       4372       4370       5343          1
      4372          1          6          2          8       3884       4373       4371       5344          1
      4373          1          2          4          8       3883       4374       4372       5345          1
      4374          1          4          3          8       4318       4369       4373       5346          1
